id,prob
58507e189db894f49bfabf88b359bd901539a877f9df40fa98bbfd0e3a8aa8e3,1.0
ed00aa6d563f28261444964ed4fb64c8fb210637fe7e398822e1836a0144b30e,1.0
cf384eed3b85fcad7309eaa6e84464f169461e4e18da1d0c7ab9a4b95236fb4c,1.0
38146c89414bba104ddad0b4622304bf7d09a440d70e5b875b99ac8c9edfe367,1.0
6af6bc271202d69e25c3bebe0551117c078e02b48e4105a87a141231bfd7cfd0,1.0
fee7f1152d82d36ff547a8f9905b01a016f889c1a3a0ae13b75a42863c6e7f46,1.0
fa7829fcb7c70f3d523e7f975ac27d70d8b104bc5dae8f7e42e147b88e2c0688,1.0
81196245779bc02c1dd236ef590ed49cee946b9425ad3f2830dfc4eea8418ee7,1.0
7db1a077c14cc244494b3fab264f98fc04dd4fd27bc834f661570c06b6a81a53,1.0
5b98116ad29f54d3f6260f72752f010ad61b526c1e1222c523eef90e09536b89,1.0
403830428019c0160ccc3c7019e2a4464b205830a1470c8c5eab3f60290f2f55,1.0
b67e6a9c00f00ed5ee5207a7861cb2ac352b8ba9b5ef415c05064af97c739eea,1.0
e5ef7979f026f0f61361882e44d676ae796c9924047539b0624d50a1645075d4,1.0
a7b7a6350fbc6d3bb4fe8b2a9bc245a47f8e9de0a092714b4c31236b2c39429e,1.0
f540e49ccf15674e903fc94ff39ff2b757124f2e11927f4c42a92d03481e9ced,1.0
3f4692a480ee04dff3491bfe853344076839c02de7d160f594c42c119ff07e85,1.0
6a386fbcbe2eab59853dac55fbd3466e1bcb13e413dfa2ecb1c1941d593900c4,1.0
2cc6f8ee28049df210ec219abe8a02eb67b548c44770e74e353f2274f3aeb09e,1.0
5317b65902700f9566ceb9e4b4f5ed1fa0098f805052f6cbd53bd35dd52698a0,1.0
09e95c1a84049001d086470a8f320a19b076f955a89122ff8360ac2e4d6eca5d,1.0
9cb1a5563a27b332e9624deb9ec197850f4e79d5ad1bcf098efbc37e67405d0b,1.0
88e6ca21f74e62321d2352f51075cdce1e1108b1ca7f83a841f73e2ac67a1a50,1.0
64f74b9e11b1965b2b7e62391cb9932da1e8403784bb531095f33ddd1b86d9f9,1.0
7d7b7f1a10a4a13abcf84fc563f0702c87a6605bca7ae4a64e13b9c0825e5f6c,1.0
489fc66e1a316f58999f71d902a85aa515fb8da84cc68785d8abd9e2d3243b40,1.0
1c3bbb481d33d11d71a53bb46f4f293f90a91a67f4f39ccb2454b1acf514a173,1.0
4977e2178fc10cf6b9cc43ce544cf3d9b4587728f12161fea9d0da8a305246c0,1.0
7ebba3c4fb329fc5009de457bcb554588642778a71ce8ae5963bffe8ada13a8b,1.0
75c351985dfbfd2a8e91baf648f01e6e1fe4047404af42e87bbafdeab9aae7bf,1.0
b4d788a842627fbac3f48ac457b9ab35df671ec6e915f7ccf810315a5ac6cc0c,1.0
5a0fec7d66090dc128bcc7a4f80d58aea71d58c3094e0b2f057c67107854067c,1.0
3cdec6082f248ce68d4bfc8ef1df0cb3d0ffed4485b7e8994d5da8ccdaa8991e,1.0
188c33292034f2ef38fc850d373ae45ca9c9b70a08685968f6c32e2327bbed55,1.0
e3f48cd54034c370927e5339dab813eb8945eb15a7e6c0df68b3dd8fd4c534ca,1.0
80eb2c3d45eb983229691f9092a67129240e646615d37f6fa1d1751e2d037af3,1.0
f5c628059718189dddc58891e653533731acece413ca1de813a8ae15f973a54a,1.0
94789b257d117db2d42c71c074a970b4fc6088587585ea52238344530b7ddbcc,1.0
3f60fb18d2bffcc5d0062021a04a3606fb16724f15ce25f5ba3d9551e8f8d4b3,1.0
ad2d9879a8b2ef5328ec3bc710c95828b4c43fb64ec9ae1fe68f4f1d572861c6,1.0
386f00fd11ba42964935c94949da0ce67405d6a6d59202d9d7c1a6f5bbaaaba8,1.0
0fdab245dc822f7b3b06b37ae1d5b20ac20ae50b2c43ff309638ea902461225b,1.0
cc687858a1fa67d4a43beccf3cc0b30f1519108d9df30d25a295b96d7ebd1815,1.0
e8058f63f1bf4cc17deea56f96c84c690eb8291e1b41e6aa0824e0bb94d91fee,1.0
e4e72015a6358adb7e04ff55e25b1d788c053efc72da5f0fd2d830f276de4fbd,1.0
2d7582cbe03c04e55204ea5523757051c51849b7093664b1d65a003bf37d02f6,1.0
12aa1b68d38f9a321e6a01fec601c45616209c1bed137ba3b697af748381e4ba,1.0
5637a9e06aacd7f933988ed1ea9ff6d6f70cb817b487f4b249d0e35db62dcae7,1.0
3903aa060b017e11baae3f674c8743fb3a581c85f143111884a79aed32c91910,1.0
8a149f16482aaaddecaaa7133af539f94688421769b90322e653ea0e768b7e98,1.0
b40a68ca2a2cc6e2ff1cdf90a8ea35ed92e9bcc9cde1f8536c0657af3fa967de,1.0
5fdc9c67f8971d5520967cdd1297e8ae37f4023888701c77c6c86c999516d25d,1.0
c70d0cb5f05eb6bcdaae1215ef17331026010f8b9f1fa901e19687ce3744cdf8,1.0
e7f44b9119ebcaa9a347d0601317cb5ddb08a52da0ec9a9fc083187ceb3c53c3,1.0
e475c31c0591f5de9d3601fbc8b9c590e3e974452005e1f812083c6dd942f403,1.0
544ffaf1faf34abfe3248aa5d0360c8f5f192f206565d5aaac12c3dafbeb779d,1.0
d14e874c3bb323cc35d4bcfdc83f02b571962fe153e9ce8e3e345fd621fc62eb,1.0
e17b7eb2eb0c50f51235eae877434595cf16824e611f91fc97a4a6724b2c7db7,1.0
d6bb5680ea9158e37f7190ea1077130824a4009d74afd22a807cee1811a0f231,1.0
72f2cc0cb0e3d7885ff244f8e3ac347c77249b38e69233e5671aeda0a38b339c,1.0
9ead9f7674ac75ed05f4ef03cb95b8a419a43362215c41fe52b20947f9d901dc,1.0
00990ce9e5ed028c985c70d79caf6bfafec0611deacee65001879ae201e5d36b,1.0
b5a7fb3106c47ef4cdfaed8bf2f957c952c86283640ab5da02fb82523b0f2d73,1.0
82c8cd6fe98c03487d685eb4c9604f57485ea11b0b163bdbc1f53a63fcd98925,1.0
61f63dac76901fbafec4d97317900dbc06252f7c36c958d1892b3dd3a0ace272,1.0
e54e3b10d13af88b1796ba477aaa355856798fa5b96bd2ed318b28aa3874cffc,1.0
a6fcae02f8653ead50117e29a414e2eb0871b624fd97521921a64e64fc66694d,1.0
89980635d2ad4b9b9c2cb426d03cc19385174a79d2e4f5da6c8863ccbbd51c1e,1.0
6600c761c4de3dc6d1b45af7b450bd3f2a93259855d74ef456c40df47c00423a,1.0
344543754ccf12734be09df11f1e949f8002beca385fa4602d14587bacfa4781,1.0
c8e5db83d9bf30caa5475d6b24afd6e160cf54bffd026de9ca09f5405644ce5e,1.0
0012f06c4ea31b52d25c6d791ec7f6c087bd7c0eb1f338c2400b987ee6e2c22b,1.0
ffeeb8d2494392dc868d636243d3f97ab607b9ca6e200aa897cbd7cb320cf8a2,1.0
dc9d155f5bcd3172031e2ec9431786e8871ff4b0ff4728bb62194ca0842cce3e,1.0
ad8486f3fd2b313aeb4602ca8b0d3b74b3c9253bb14ae82d957e57c82b1a37f3,1.0
dcdabcef5d815e5e6e5bab3a553811d1ad9e628d61e91d3cbbbf0f95afe7ad1b,1.0
645790740be91219edd0d2f6963dabbc4e267b87fa1de5a13662fbc350f5af91,1.0
97553af51516060c653d4d0659e58be65533e19c922f0a4714c9f95f5f11b1c4,1.0
bc9a543de0d8a11883260223f42dd2306510b8837b5f83b94011e4c26290c8f0,1.0
f68c986cc99e0a4e1571a1f21edc536071f5c3a72f36a2fa8abe23afa02cdf91,1.0
99a746b5b190f5f1fd16c3f1b48963e023d6bc55c94067eca8376a13ad4e33fe,1.0
41d4bd2f309e07bdf69105c21b1b6fc4c5edef0281d0e847c2bf7c102f32f695,1.0
1a7536576d7be18765abda24d8aa7497116c40621dadb39279e244db4fa5fa6e,1.0
41ac568aa0f9b2816a51a43a2d8c2a78c2a3d4b275ac021bb498b50a4d9303ec,1.0
843596e8419cff757089b2603ce58944d25c3d443b550db4954885fb81c08a61,1.0
5a20e6a800d9c50268488d211c989a5ab78bd5364db4b6bfcf23224404585ca8,1.0
fea503f3f3e2344e61bb65ccace28f450b588b3f05520056fab5ce953b5740ba,1.0
7f6920b54535f9d2ca8e6d1b56084b76146225e459efcbb0ad95aa907ed00f65,1.0
77ed856930ed9c2b5348eca951d152b5655c98af3bb44616674eaaa17846c7c7,1.0
90d851a5194c3b40eb61ac4b6d78ca9ea47021407a5c0e34565f69d26d06ac0a,1.0
d51b4cc810561fbcd84958a79c976f6da6e0841a4dbc4472ac26e45f85f8c8d5,1.0
7bd43965410c1702cc9eefba17596939efdae18b63d7c2f1b1f54290fb52daf0,1.0
8f039d853b5b21e9f9e74293c6abebd3962a416d751123f2ad87279fe080e60d,1.0
c91d06273347df119e372452b7f56a96d1364b026f8b05227f88da293af05e83,1.0
eb0af80eb45bbd64d8959e75f8f21952d618b4f44fc8ec4546a3fe9905859455,1.0
2ba611513b8033bc2f8ec444a404d93cce44c9edd27312aa262fae8988f2b505,1.0
508120f0ed720abfd7a60aaba27e4b9043acbb3dbe59078bfd484d5ddfca2b95,1.0
5c644e3b69ab9dcd2128aa41f5f0510c202b5afdeb73052ff28da58ddf921a17,1.0
5ffe848f76a1c84ffe742bed7dc569e8f244bc8540e0a803f3708a6c9443e52b,1.0
50be58ebc786370d5f127dd8a753238a9910c7b20200053d660d97f0aecb9087,1.0
ab12a583125d491c6d922e70a93b492403a8059be6d3672d329ad18f36695799,1.0
c0a1583b015eb445ab12101ecc8183e37ef7a6627f4966ed5251a591df3ecfa6,1.0
2d55c0e480b1c382d7e7f73432f49492ef385d4174e389287a5289fdced47c3b,1.0
062011f045614cc7109c06dd0bd071bb026da8bff3749e16c90bdc8ddaa372b7,1.0
119c184e9451b0d8c0f87b4eab492ad03a8de44d97e0b0f13d1e16ee052f9a77,1.0
30615301ea81ff2e4cef1e1465616687dfae869a38a8b878507df7981f593552,1.0
ebec67dddd3c46953efbc24b9feb2212980947fb48dfd2ca780d2f453e42b414,1.0
4db3114a4f39babd5fcceb9a99b7f872ad579782cc249c40840d6afa3bd729b9,1.0
101de017ce12cc038bf822475e6cc4015e05ee311d316a8bfe02df0dc76b09af,1.0
8eee879c7fb52fed589e5df6596182cbd5fd100958a9b8da0c6eff311d3ef192,1.0
d992145b4bec3f1f48d8878324e7ff803bc9b15241456fa413a407979119f79b,1.0
edcefa7f000dff8be1ba3d51b6f259e5971f7df7423b2fdd7dc130eb2acce79a,1.0
20307372533b9b6b60b355ade03829162fb8e64f3a6a53dc4fdae993420bb7a0,1.0
f1264f2293d072918c46d55ba06dc7ed29136d3148d5cac483ce3baf2650a6fa,1.0
bca2b87f0592c73654f664b6279068ea629cedc9d7c87480f3b036cb2bbd94c6,1.0
2c2f7dda053d52ec30c22e0c2b4407c4e723ef2e9b2c5de8b381b86cdad35b65,1.0
71a4c55b3bfa2549b0e1c73e689a8ca306ed9ee18e93ede1082eebf88c1e8632,1.0
4474dc275c0042046d2c3e80bee008192a03ecaf55ab0df1473c64319cabd189,1.0
d09a9b35bd556ecee5086dfb3208e7325af5882626c24b0f96c4929f4b1b712b,1.0
68a3c13300390f41d5d17a1c9abe35028bafb4f5db2981791a9c7e41efb734bf,1.0
e0b119d56503e6e67907b5525816c8e43b3807a09f02eb0a35a639cbb95ceb5a,1.0
31a9b774217cdb320bc2881c917729bb58ce9722958854e76659ba387c69d61f,1.0
bc89aeb8ec758d77ae5b153b8fdbce7217a7d34ce7c7856d95de00560245b047,1.0
c0646d69abdbeee5fb2f89d01ea0b7c218f832da94d1468cc571ae821b257026,1.0
2f71f74e51a461faa11a939489843c4fe30ba14a8ed46b5af660c0d71bc81530,1.0
4e87f01360ff63f3723ec5b6a188cdd9cd5205f3574551e0f0f99156635b4c74,1.0
2421636d5d7ad8674133f47e0f7351713eea9ed94d552955138a154cc5df4c66,1.0
9326a6ac1154a817e4675665c94760c7f954bd28e76d2be92b660ced78e53385,1.0
08620ea308eb7bf0207cdd28de4aece5d82becd952b2e3bcecf06fd0e1c24d66,1.0
ecb1e60332059984242db30d63e229a9c76e65f5956f67321bf3142d48bb1358,1.0
83ff1cad31d150ea6673dd7ce897ec80980871ad59a6d008c6da9afd86010ff6,1.0
566ff012a2dace92facb594a0596facbadec7e6daf9983511292029a3757aaaa,1.0
4ea9055539ea044c77377e52ad7f59c6b122ad771f326076ded71c8b20c8d2ab,1.0
ca07faf83b8686e6e2ceeb7191f4b8153d027d03433694d2e8b21a4f636a233a,1.0
ad597eabfc473200e7689935b23cd5d45573ef4c4667bbdacf3b6c90ca7ae6a5,1.0
a907608ecd3dd3258b0069d72117436dd82d94884f95a8bceadb2f7fce90a5e0,1.0
10ec1f01e81505d45de68d973167da2a38f3038895ae058be780124e04f93c9f,1.0
f9562ee61ec6722d65c7239b92f4dac203531569415a8b363cca3704f8941a32,1.0
eee8be8a00d25a9647d1ceca1a6a596475d9b32395826e7ec9ed6026ead01402,1.0
c4010c2367bf2040cfa00fbbc274f19081904c64a5ddf62613529bf7089dea61,1.0
2061b9bba59c69c39f1f61594a4aef62650b9894e05762e2277f04ab336493e5,1.0
0fab8c3fe5f91e5a495740c6129c5e9af830d1e07901620c1997f33467fb151e,1.0
f507eb3d15d131d42bed7bce9f05d8c734ed64a58774f5d40e880a95fcd3d8e8,1.0
e37e58bde9c8443f891c80bb682e90f66778ee427d9694de0d334bf718983f86,1.0
80ef4cba5569af62102773c477571f9484972dcfe6f76a1495fe9b65ee28cccf,1.0
69f771b9c8c6892f6d6d1baaf0784af74aadd0bea1bf37f10462b92b7c2fed85,1.0
3ca5bd8c5d273c441690eeaebe0d20001b5de022d092868f6df16fd649f4d52d,1.0
0ea3f485f99836e3f0dd01c6c3f711ca0d2cf8b7bb869ff805a012db4a8b08e8,1.0
842feee09582ea21e6b4d8d04084d2662bf6dc87ef18df846122f771368567b1,1.0
5eec7b8b514bc9d83e4fd55c160c3c814ed6d81e3fbb686f3a83eb67921033bc,1.0
a0e638f0bb03ae1d466b11d67ef470c4cad24857123b00812395ca79ab7590ae,1.0
73d224bab3cbde24705b7c32a5f7aec8a9d51dfccb04ee65158097be0d404a74,1.0
f73586d1ff419c25ba0d72c00b77ec4eb1c455df4f23b5d32515184c0aa263a9,1.0
39ebd96cebf8c944c7cac54e7d0986e52f4cf26ca29ac33b93ad2380e5f22db2,1.0
4b4c14791a5a6add7f150a4aec76e3e57caf043b8122c78c173e8b3d6dbbb7b8,1.0
23e05224b2d2e15b736e986ea11c651d4f7f6a943622c47da7fe30b1a104a217,1.0
26a3e93535ac6ea7d9dee5cf179e70bbf93e72240683694e08b838d2e140d196,1.0
0b440db15b631826562eb7e1d10894e3f7546d92c179ae8d2096bdb948ca81db,1.0
bf7bdcd7a97f6fd8310b2681896dd7edc6adcd80dc4e06cfe7eb3354c295a9d9,1.0
4938dd42c686a63a4e50c0ab0c2c07979f6070e0685def72dfc07539966a7637,1.0
c12a4ac53908d20e40adffca08354caf5eec06e071c59b79aa2da5c95f2c93ad,1.0
5c4f6d27e6ade1e6513853423ca3cf88d1f7ec52a1dfbd7e9ff1e6fadebbd38a,1.0
3430b51f05a0880957b476164f6ab9c7d2522ed8d54e4f53c1a22066b758a34d,1.0
b2e921fbe68986746db3801a9ac74686321a4522f11c69096171b9eaccf61950,1.0
ff045934d90aab184dd15e66daf3b3c97193bda5449298784b664681610609a0,1.0
eacaddc80eaa9e0551213c06a10843140457ee4ffdfc1fe8e069d9c7ca6b4bc7,1.0
3827f3719e676524cba28f9de5a4b5012751ee5facd130968a3119cb8070eb29,1.0
8ab033c63dcf339912141174b46fa18743d6662b1f4701052582083c850c5bab,1.0
564abd56d9463691fbf1084a0587074d7d8b82f3b12a24160c0436532efd2515,1.0
ee17e27db09f8a315831fc3c45af8955956bf32e83ed8718ec69f9fe56e1f506,1.0
c24d6219b125d9dbea52c431f6dc6122ee76c94cce8987d8406787c93f0b39c4,1.0
acdf032c4143c4d3b04e0decee2c367896505aa2cd69ea1c845cead8a0780147,1.0
636e260edb15d307fa03b63abe641fdd33b60260988b0915a419b3be6c326436,1.0
9ea84831b317c71941887ace4d3a1c092d1d590e20c9ca1ee4e5939975d67ef6,1.0
fb44a38453229ab3795e73794c0b7966dc26ea24f94da2b6965d60be61c18340,1.0
dbfe82951a3c6a448eb9e99c3d6e049617ba6854c1ad2d47975c6dc01ed4c937,1.0
df95b7f3ad63d35f1be8c9ef2c2aa74e40f230317eed5efa816563340a7ee53f,1.0
f50a4dc323d45ae8e14355309c9d9986d92041673dfddcfd88a1aa164bd5f7b5,1.0
ca7d4d28883a04fa6ffda83f022de343847cb45bc9879f4998d0b5a93ff01435,1.0
53ebc5e83bcbf87cd90507bb2e640e64d737ce24d65b0bdf29b2ec5cc726af57,1.0
89dc76c0fcd37e6a7c517037ed3de7f16a643583600cf50919c9487c36f64fd8,1.0
2064d45bb4ae9c653428313b3df4105991cc9cef4e62c630cf93b21585d420a3,1.0
85dd69ac2b886f84bd5c04a571f960a24d1641982ab5dfcbfb83dcf4bedbfd4f,1.0
ae475f06e071a2521811f300d09196ed77095cc62aa0289189c57abc9b26b0c3,1.0
69f9388ecee2c0b470fa23a3a91cea59a4d89f1d2045121d338ba167eeaeec93,1.0
c06de08966cb55c9a5b316b37ff8d2ba59ef7d3fb2f3ad47bed2183896ddeae1,1.0
0dca7ba8bfa6d090a8913d108f50ec9a2a1a70bbb2cabc326e469237ae014c26,1.0
7accb3f25a4b977261bdec208ee680bc9eb01dc81468d3f1ef4646e3ad711354,1.0
a333b90fd76570d46d00beb7d6cdffa913703f5bd02b76e41d428b5b704f30e7,1.0
85dcb3730a71f1a0c9b0c76c70340fee7380c1849f60181b2ce3c7c98bc5c909,1.0
89565b439fa4135efdacf3407aa1137c7e8d1a171c73cc51b18f760358e0813f,1.0
65d3fee46dc89d4fffef2d1f630ccdc7a58170eafa7c4871a4c9c02a3b572d04,1.0
56a229618dec359e2d8d324803433c6eebb90e25b32a6d6172eec2e6f1f75597,1.0
0488e88a2bd8fc94d7d4b9fab2d86bbbde681d8598a8e26e614239b7de59a84a,1.0
404a4794e6c49a99b5375c5d1d2a366d164c0efa4075a5f1cea61224397bd435,1.0
fe595499889f866ed9380cbe338ad3362c9bc20618f4356579cd48c5b2b83e37,1.0
19dfcba11370cf2730fd58827b4a127e8a44778ce45a6036ad1abf4c3b0c16ce,1.0
7df8377c61802853b6ee4b647a57893faab6c7159352f7707c516fbf14bdee4d,1.0
8248b7ea1f514a334a9a04872947f6d7ddd53360b0aadd065948d4f40f809c98,1.0
9927425946cc86d7f7dc21bd7048c15544d2d877870eee7e50f32bbe9d1aa1b5,1.0
c8b5ccb030ad0e27a5cbc0c6130f8240e0eebfc64e6de11b169ac2c2223ce739,1.0
7fd2626990d33954dc4e7693a81357fb4ba3fe8bdf26fa76029c6f564cbebc7f,1.0
ae0d137550d5d5f013585a95ab5ec9edb4c5a1d286fcf294afcfb5e255a943ea,1.0
5b73a99503cb431a2c1da44a8368fd2a7d079717bc6a3905838dac4a8f4333e2,1.0
3d9008d2480a7dac2519174b70b348269e3fe9182fc80dbce17d20546db3d522,1.0
c5c61fc0a8a4d7e4d0dc6b968ddade28c4649d5247fc2066c11ee99ff410855c,1.0
3f16a70c321e3aea43e973f18836e2e1b5c714805c2ce9e99f83428b27355162,1.0
0139e194ea0a5d43044d1e94e9429de1e8d722a7d0d04a2aab5a2d5eabd1661d,1.0
70897f415c4473d8ca650d0ff4a567c5bb0f7a87df2f320d442628638bfe8a59,1.0
cb12db9444d94ce4bb94db690b46fccdb6737d6d8bd6b9f8cd677230867f3a16,1.0
5b88c0654d74ec259ac6dd91277ed8e6d4d89865808931677fa348bf5e132a34,1.0
541237b5ccaccc0aaf37b0acd6c46c31a4031b4bc07f67a4a7ce8ddac7c24e06,1.0
88c120ef8025c3412bee16e9c3cedfef3949d632c3553dcca4ef7e9613920810,1.0
425f2716986de6a09a8a114f1e8b9d14595e6f31b705424f12052379e4b4cebb,1.0
948fb70ff774abd93d70908e647265283d7ea632cec8f54d18e7650f18671a56,1.0
72a9c0abd931275e484f7fa5ab242c94781fa2c26ac829d0776499e988e125da,1.0
221076f77ab1afc659b5d85a3b309cbc8afe554205dd19c3ca7c34531f30152e,1.0
d884cfba9994e34f579a89059020c5473dbdcae296828e490b48af0194a07ea2,1.0
c77e461fe0d32760146bb2f0df02f0e9859e4f06c7d81371cb370c9c724b1149,1.0
3eeab91fce96724fa85bb6f5125325f87e8d29af2cde656042c662e359b335f7,1.0
5407138b5de3348e27f93ed3edf029fb63b58439f1f088b37d1f47e252f03da3,1.0
8ecbdec73b7b8c4d89eb8e9eb7caf21d16851294d4daca94302234a13504b45e,1.0
fd01927d84236c83053bf89f7a230062368c1276f45cccb0eef671a1e5e3d541,1.0
9c3d63b6ebdc034814f87a48ab0f287c738c8a01a84e44aa2644ea73c4027c9c,1.0
190a2ea17e44d75e1f8c5785bbbebd5f13229cf7e7f5103449c8dc010edbc804,1.0
d315e2e44cbea114a514a2cc977894879669f1340f0a5246e1936865d1acd2ff,1.0
fbe5bdaa9d737e7b79fab0a1dee2c167985e14c126285959f2d7c04696254257,1.0
d8e21466fc2ab4b21c3456be1594c93abb67fc49127a8d3c291717c8886a1b3a,1.0
c00eb68b6949e2655d6f3457d298a16bd128522a1b9737da3c42c8c51a3f80c6,1.0
efb493acccee630ac0c6ac86031e47d040a329f9810e7fd7d7ab5e4d0a393a4e,1.0
1d43297a375fb9237831adcdf133256c6777146fa63b938aa4db68a597456153,1.0
70d6e9c44c3da83815cb36e3db648d0b8a87cbc319c08a2e6cdc0ceb186c2608,1.0
3c0af6614691b4ca5d2e3a38e81cf50ec6d639e0915b9bc72f137ee1437274bc,1.0
a697bbc7223ef1609f06dcd223d4ea78c269fd89f97d454b7209e56880ec384c,1.0
c3493166ed6e93d43e31c197a8e3048da8bb9a7723970eb1760fc38d7891ebe1,1.0
c95a0b1e2f396e63814da58da7c62a5b592d2beee1fe4294b829557cb186ee4a,1.0
8b07ff1d2f2c63bcaa0b6bdc2c44e117916d9f87396a0148a5bf8e513797d358,1.0
15f167ec32faf53eaf280016667c946a71ff0ad3820069aa7a50d20e0a6584d5,1.0
0f023a031a0bea745f7ee36134edaac5e972d27f4ff38d4a8be4f9736075fdeb,1.0
d83e65df3ebb74957c5f30e9bf7a965862a8e1ff90dc29cd41cfd7c9a9dbe170,1.0
e82c7d358394b6768186af763e1130a3066a92075351de373e58bf00ad48d815,1.0
97c646b3746b4399f8131c36a4ae651da08391f88a35e4c9b2773d035465a179,1.0
18fc1eff274e3eb4334ac570e5b6d1fa09ebecba24c155408150b099f0c6379f,1.0
126ed5ef490abd04066b2d0dd068bf0fea125825ae11a6e58068ee35899d7550,0.990909090909091
ba36e86b193bec05fbff16e5a625b0fea4aea302318e21adb2ef03d3ff8859ed,0.990909090909091
96992ee633e8a0262fe38f2dfde94fb20c0bb08209e61dd3cbd6d9678601f028,0.990909090909091
66c6396516fc0ada14d78f6493b6fdd4142f90e2d9f55c3cdc16ee7de16a78cb,0.990909090909091
6beb73f669fad71d309ee45693137e324ea2c79a50867ffe718dec310b50aac0,0.990909090909091
e7e3b9c4b78e01d5b8e61bc83f05718c5b80ef0b0bbb251b3a70da6f3ffbece2,0.990909090909091
7698fb4775b3dc39a1750b2df07842d4b3decb2d5bde353dc9c04564931ca832,0.990909090909091
9f0fad5f4901ce3b5ff24aafb92f3c7f8ebe1c9e86a8bcb2d53b76eb0f6682c2,0.990909090909091
92a9f976985ccaff10318916633e9c6e5c514ff8b5b98c23eb4881be8ee34009,0.990909090909091
edbc11d602b9dbe9b3b2810e85bbcd18640533498659692a98b8a69b87e2131c,0.990909090909091
ce2979f832ad09358b4458d514e4fc4af463cbcb778f1736cecd01a342f986a0,0.990909090909091
a0c069169b027036ebc36e223ac54cb0e54f5c0bf84c507647fd97e3d071402e,0.990909090909091
d3da982ee47e130c79a9262eaf08d7093b5797ed16893ffa4b664abfb2b7f8e6,0.990909090909091
b17a9262a904fbb2786a325f64e87a5123f995fb53859f1aa1d34c3ae1cc7c0b,0.990909090909091
d2a6d82350c9a456c74aa62733b2966b56225470280414905b57ef742cf7cafa,0.990909090909091
a6cd365607bd57ebe8605ec9aa029a92ddbc478a92c76ef225e83ee32a6166d6,0.990909090909091
b9c93c3752531e5a2ef27cb03b3c8d85557849e23da53961190b1db6c9b983da,0.990909090909091
b17ce26145ad9d23ff1d47d36eb60cdd58ac73d75143685b7fbcfa5066f54e0a,0.990909090909091
9972062f53b10be62fea2303c52c15fd89674ce245f13b3db804f881eed7c654,0.990909090909091
9de3c94c8510737fc9670b3ae8144b8a75a69fd21654ccc768ae638f5c703a72,0.990909090909091
aed6926c1b1d596a3453f38a66c8ff84008507f78f36c1a489de0b32190e407e,0.990909090909091
7485799e1419b42a184682d09d930426df054a50918197bfa21de98f2553cfc2,0.990909090909091
6b056753f7cc26feff9354d3f72c56b7fb03d4acb20b449e3479afce16811e46,0.990909090909091
c8576c45d9f994546ced5565a8cf1caf14abe8902c9e7acda86f1ecd25729153,0.990909090909091
24e7cca3abe88480e256187ced776ead109e04da547a7b09ec0db8df3d5ed256,0.990909090909091
2d255f78a29c72629dfec8b012bf8801b5e701e9814a0cf65fa69b3b4d39c53b,0.990909090909091
b66609bfbdd9a611e44144e898e2e9942abd47fba2c54bf4b4fd1ae7d7817339,0.990909090909091
0a7b28fc55ad61995cd006ca213a33f648c91189dbf4b4422dcf52b3d7b95bf9,0.990909090909091
c4bf22d70facbcf48ceeb0e677f48ab62c04715e9dc3c768b9d1cc4055793a0e,0.990909090909091
11b2b8c2f0491ccacd3dbb7c671f674e33f4c23153198c9971adbb66fcc7a5bb,0.990909090909091
b725839ce2f9a170ed8d250abe93e894ca0decb947752cd2476a831cc2a32c2e,0.990909090909091
1023f0f4bed44738ab626a209fb533761f0509099776d8b651201ead61e754bb,0.990909090909091
852db084f4f31a6b9272aa95131814d4a9d2128b630e0b4e780a2f2ed78b2835,0.990909090909091
a8c75008ec22f78d14bbf39619745fae6a3ebb820db7314e725a2ba17624cb2a,0.990909090909091
d039506a9af446f69f3c8af41ce08b5e6aec95f89a40efa1f8c411fd34d7076f,0.990909090909091
8cb627b13dfb9fea9ea064ebc9f338c0b07c928f088f8a34eb747a44d3b2f918,0.990909090909091
ed219949f6f7c9529d2b696a13319621c2a0d442fee62165256e3a50bbbf6316,0.990909090909091
131b67c9c3a9f39e13a5767347b03a938bd6b667bfac327bde258603da70bcbd,0.990909090909091
e6e13c4d05cd699611e4741b98e415d978107a20648c0aaaf65b4c97006b361d,0.990909090909091
9ec40e5f88a698ef4a9f8510febb93817fb63e7a3c81e682c85498e3ac1824ae,0.990909090909091
e850e39b79be47b4f70d110768007131a632b5c5920eb33d4c59e2277df424ca,0.990909090909091
4b7d61db73e81a05eb81a80f4b107fd62e10be11882beebf98aed26701c35b24,0.990909090909091
60087a1c5364c02025915d84a09e7d49ff51c53cc778048f7c54e4c634d97e02,0.990909090909091
d23e84d386deb53b82502230fa020084ec0d4391eadc9692afa44b2f91006b49,0.990909090909091
cbfbd0950a1716fbc4391f3871dd492878a6a9c61b9a33f2cef277d70cb56ab1,0.990909090909091
b1a46757c75e786341a845d7dd3444b3bfc9c8825d6e65fc0ac442dcc6543d4d,0.990909090909091
5e928740fc15cf449152a164eb022fd70fd34ec35df3caca57d1cf37d63c4fda,0.990909090909091
bb7a7d87d41f5c02b0d3b5aec842d29bf88a68bd306e126cea4d9073d6b40958,0.990909090909091
c18d468a7267e41dafabf001a08f186a960a6422f705cf759308429510bc43b4,0.990909090909091
895ff89341bd05a82addb9b1ec72ede1d4356890d2da6098749aa4c1d25bf369,0.990909090909091
bceef76b1953360044813a0bee5512035fc188da07dcdd19b18c517bf37fb784,0.990909090909091
492778b4fd0d772d5bc37756850bc4bf8c50774c40f1619ce920cc223756375e,0.990909090909091
ef40df98605b0f6c04ad49ede4674deb0fe61f3775d7c159222e2b6522b310ea,0.990909090909091
8f47b3fb07c1afaf5835b0c0cde0a22b2549f0fd510fed1284b388c6e47bc54c,0.990909090909091
43c4a86ac2918ffa51d2fb8a504e4ce2284885f25a30f3c3f99c0be88547bdad,0.990909090909091
960aa3f5f89f5fe5810de1cbf92ac5c2c9d402a7d42d37b3b4f75be5b40b82b8,0.990909090909091
7af7692e4f70f7f8ab12675522fc4a2ae4abd1153bd06f50ae2da2950a0dc4de,0.990909090909091
9301a986c58aa0e50b8b5ed43291d88e78fba21babf542a99831f597ea035fad,0.990909090909091
021d2faf177f995a2011eb905d14777ec5091106b121a4bdb7f4a6eac5fd978f,0.990909090909091
aaac15bea839bda7cdc8b8d7943fbe23abdecaf42ffedf9fcaee5f87e97fd090,0.990909090909091
519280a8945215e8a17fca1d23b44c126081ff6eff257982b264f86c105d6572,0.990909090909091
c7b9f493b86181cba8a1c562d0219671190ae069b2dd5da6e419024f1fad9f21,0.990909090909091
a93d067ddefa2aa223ecbea20a3a0dd0a11b505769903019bf15d2ce5210f7fc,0.990909090909091
95b4abb14a60ef804c09a91ad61b0fda07723bcb5cdbffdfdd7c651d8eeeff5d,0.990909090909091
fbbfb5ec34fe9ae91d8057525de198d3b570aa1daa36645579323c420f9717af,0.990909090909091
d8b25dbe36e0ac0423ba33226d802dbc6255c97e666729f1e08816eb868984bd,0.990909090909091
1c060cbe825ff148c430b29850f3657fd2e4b87b4154e715bc13b0ae341c949b,0.990909090909091
d7dab3cb8959d1cad3be7bf0d039535aa21923a6f48e94040a566c12bd6e508f,0.990909090909091
1ef5d6e881ba85b7591982b23bd96e04bf711a7aadfa8f8f2fec1f7187a90fcc,0.990909090909091
19b9e6d5c72a87e990201dfa08f9f6dfa467b75a021db8ccd87370f7b824186e,0.990909090909091
5d612f9b7ce15926a6f86a7154211f812a91ab239efa54c5d5867ca4f1544404,0.990909090909091
545338bfcb8b249a9a949df9e5ff87febe7eabe501831784e6017e6a7d5b03d4,0.990909090909091
adcd880105473be941c38b018698f3e8d466754713323565d802f9e64373af59,0.990909090909091
ead062ad1c6b7b90e618325c4869f5786f7fa09dcf5ca1369de0974530c550d9,0.990909090909091
dbe37c15193fecd870239a7e19ff3fc1cd98ac3989402dbc92604b2c861c8888,0.990909090909091
ad9e6a445ea34db6b8d4e3a4cdd93c8850ecccc99da16c76c34ffa0c2fd84d1a,0.990909090909091
31cca20430847ae30a4ca656f2e196bcaea1f7f65a4a0649fac026385d8ee7d8,0.990909090909091
60706e7f55853e72ea3b86c64808e7905c48ea5e91745d3eb7504ea5b1f33915,0.990909090909091
53df7cda39c40ff23389c9786e79cd095ff1b5b49d89e7e1ede558e922591858,0.990909090909091
62a0eed83b664e3da37aa36cdeb283a30fe0e16f476ed32b849c8ea4664bc0bf,0.990909090909091
6633ed8a9d1f1ae5ad0927633bd5d37efa95759147c42c241fe5e8746096874d,0.990909090909091
38f70deaef988174bd6d2a295a84ad8a3a935de3237462d2edac0953bf18a181,0.990909090909091
67244c6a67a9affbf6709d0acdb389ded5aabd37ed2de606cde152986227fe31,0.990909090909091
6fdcea3180267be94e2a8b6f23c7edc26b7b528e9019a7878560fdbcf7bf6e25,0.990909090909091
c1bac0ff2732f5eff9945a72a57ec9a67daa0e691343a1da81be28c8eedadd6c,0.990909090909091
df19206a2139372e62c1f43bef47168d76e511d99a3ffc1f88839566b109d058,0.990909090909091
65978618734a2a58d92c05a3f221573e07c84edefb401b27bff1bde58df5927e,0.990909090909091
2f027833e8ffce6e208eb70a39ea8f53c2c7203a6c1e9048e4f5a309de084ccc,0.990909090909091
73a08027f36bbe333c3eedc86b00cafe4525072083ec07acb7254c9e4a0f325a,0.990909090909091
1086873242c5d64e4702169cf12cc9b5b67f48cee7b09c41082f3937902be156,0.990909090909091
a7c2056462dfa0f4dd32da8ba2b4a7e5bf973cb2c6983218a6ce7cccc9a9b1c3,0.990909090909091
a8d9fdd6a5be8679293bbd61517df53f6114cc2c515b52a63fc707baac08a943,0.990909090909091
f69cc66929c8e2f513e2c8fbd7d9b0f0d2707466ca09ebfb26da553c06bc7a5f,0.990909090909091
2e2ca63975badf5bf3cfb538e2dd30fb6750e4a231915e6e9d41f5970159b940,0.990909090909091
3e48259dfe935cbddb3cd38746e79a554523bd4be466f733e4303a54cf5e7d7f,0.990909090909091
6ffd74458f80b3e425113f4f126ae9a35f4a60f5ff02e9f5302e9f750e8be2f3,0.990909090909091
7ed3b62d6807509506c44634bf1e9d7dddb2d421c567ec6f84d410b57c3f7c60,0.990909090909091
e409530e434c25de56a89317fd5fa69a849be2f398956edec542cff27c394b64,0.990909090909091
3b3b90df7ebe60044a98b7e5093f6a010826063757cdb5ed5cedaf24a207fa46,0.990909090909091
bbe6d9a4a88f3705e83523b48089777198c3e2c14d92f520fae7d0e323a0a5da,0.990909090909091
1d3e4a1859db98079ea58fa5ec26a3dd3b4489a0dddfcebc919b99d4ce6f4dec,0.990909090909091
c832d4071c0b201c8e37079fb42162348db8d58a29abab711de9c73fac512d9c,0.990909090909091
479d0950815427912f50d0aaa24f234f2f63cb4b7a59b1b3f45277f9c0009e5f,0.990909090909091
761d742b0e61cbd9c3a7b70d8ce79c378e4d450bcb66e792ea540e8cd58e31b6,0.990909090909091
cf81809a9b797f013a740e49e8ff35b2008d86754e3ce71b57d3ab780dcd0208,0.990909090909091
991d9df5b2ea1cd73a8490a6d54fdbcb275d435f6a0b84d39d2b1e8a00032bee,0.990909090909091
6fe0cab5f8eca5a6b94a0ff0793f8979f3930e3d0b0f551d3f3558dc19055b56,0.990909090909091
5786a7093ad1faca26af1e903508dbc9a81bc1283663e8dfef43d0424b5db493,0.990909090909091
82a75de53d7d992bf34b59c76d6ff77520bf76aa1f88fba4f91f4c7b3e2578df,0.990909090909091
b6d82dbabc23d0b59b53bed3871bcdecbfd06942bef14783bb9d9ce73c6f2e6d,0.990909090909091
2e773380e232a56f7ddcf8dadb6f03e1936d65daa37e4fb26505bb6cba584c1a,0.990909090909091
65cffcc3290c73ccb8a25def1ffdc8b64d17870454fb7964e15e598df77ec0c4,0.990909090909091
8b1ef1357984e238a8fc6210b49ea11821dc0b0316d5f087f695cc286817bfdd,0.990909090909091
6e292487550f4b68a5a710b1512039761b07cdb9d1125728af3e601076c8946b,0.990909090909091
bccbce929cce7829d47838e6b6e0e55eaffeec074e74906392f01afe5176c608,0.990909090909091
2d2300e75e04eab3cccf87f27ff3514a5a657d7c11cbb7321c769d94c3fea236,0.990909090909091
e2cf89a5d141ff5b3b286a1697944db097461c0e7d0211aefe8dbc3364ecc2b0,0.990909090909091
ae9a62aace21360df92448d589d36fb8f9984cb299ae2ae54e20c4bbc117ef42,0.990909090909091
f8ede35737c08aae051f4f4c03fadfc0665b472cd2ecedbc3666648ee52addb5,0.990909090909091
fae603210febb526bacd34aba21b416ffdf1dccc5a3c84dda9446636092e037a,0.990909090909091
ff35681a531bbec2f367fc35778b48411ef38a88ea9f1416a41272ae57f84d46,0.990909090909091
d7d5c5ef52144e5dd138127c5f616cc601cf1ab08eba48382066b85d5ed77694,0.990909090909091
4b2a3c546e4a7cb8357495970221564adae4156ea9c6a343512163fc4af78293,0.990909090909091
9ce32f1652f188c570cc4ccb7439085c0b69785555db01b897163573b1962209,0.990909090909091
1196df8180edad363262ce473324e2c5e1b4d3a90dbdc7db82b9d34180d6ce91,0.990909090909091
786c5c460b0b4d7380d7054182de301a011589f29ac410c91d3a01f4236e5962,0.990909090909091
78e2a58317bf8840de7d6289b57983fc2796a72e36ef177fc5de441979ebdbd3,0.990909090909091
b98680aa75937ca2d88ee228d4d6d23d61910792556bad051f14bae0b1246887,0.990909090909091
90868975efdbe7d7a6ca5ac3d17253e1610043cb2c0ca44eb6c6239b4a1a2961,0.990909090909091
28c69650be6a4c0fb34206c261ee992d2756bb41a27dfa0259a87811c8209d7e,0.990909090909091
fbedb5e821c0638e5f46706343c02e04210395400ab5dce2438ceee3185862ba,0.990909090909091
66c7b309e10d8cac6c415af982ee7b8140a8724a7846b2deb7390f7b9c0ba8d5,0.990909090909091
9841a15de3c499dbb173aa3933fa8efacc57499e169b7411e4a0a6c9eb257ba2,0.9818181818181818
c94b741ac472233d11d6af5be3a491aae2dca09b0c03d8e7555152c8cdd69141,0.9818181818181818
80417a4da7519e6a3a7412b28348de556a27cef5f45078d21735913c5738bc7c,0.9818181818181818
c8a91a5f93ba8a5239e0a927a13cdca1f9d85856c9bf0e19f15fa808a44f4a56,0.9818181818181818
e50581982b6695e6121a27aa0e2aef4a548e900b45da57e2d36a01ae49230512,0.9818181818181818
81e062f5554447eb5a8ddfdcfe63ce42752b4cb311f1e84644bb35a856465ab9,0.9818181818181818
a88b9b9e95cb1fe781a4f7a109238b7ebfea565fcc1de2eb3b04a132e0a18ebe,0.9818181818181818
2112f5a27d910703eb05c364fe932b7b00135cf1ef75e25ee1a31af1d959cd62,0.9818181818181818
4f13c61f5cf3c4330fe6be7708e749f758bc431587d2ac8d434dd20db49dd13d,0.9818181818181818
e522476c096a096e4521889cf439768b710f69abdd3698f16413a9b672cf25fc,0.9818181818181818
88b2e4a538b537a5fb8b2434dd08c20fb7cdef03b23d3ce55477587529d62b06,0.9818181818181818
b0d6a799fdde4152277cac031b835928a298affbd29cf6dec0603cb16aaef887,0.9818181818181818
5cc950a787b2928eda5ee5d3d621b6778d47c50055cdc757a6cec96b0a083d5a,0.9818181818181818
c88b7a3f1c5c8d8d1570018c1512e25bcfb2cf990233f884f986fac85917b279,0.9818181818181818
07441745df917df5a79d8d1f6f41d81618d142663a185b8efec9b70b5debea4b,0.9818181818181818
fda284ef3b3edd25e135100c24222ba463dfe785a4d99c1b90b19e921c26b695,0.9818181818181818
1f4af3bddccede6d2dabfe8eef64558e6fb84dd3765ab324f38d551e833f0647,0.9818181818181818
330181fa11ee438560b414ab09331b0c235755f9a51b0ba53b6b814710c0c983,0.9818181818181818
73773341b32011b71ac6a3cfc8f4e8836782c372f42effd0996860029d0830fa,0.9818181818181818
21bff6cbde8e0647df144cf88e08cb9b89a7b8346c3b00d86b33a2dc816b43c6,0.9818181818181818
df12a10853e60bc6862140632edd9cb6360e9671bbd6653f3aaf6f69e451740a,0.9818181818181818
f4bc327c2e19276044fe6b462e04fd0fba35251ec99d026acc43bb6a98db4518,0.9818181818181818
d59007936f37098cfd62f07f8a5293f1fd3d25c2d10dc5acda23e507fc78916b,0.9818181818181818
e04de18b9fe16b61684474e2beb670de61671d3da3f568f94505ba8e4fb15e98,0.9818181818181818
ce5adabf5508cc2438f550f8b34247c7854aa75bf02c1964a9e2b0a7e296904a,0.9818181818181818
c246ae282651c4f3a5bf802d85cbfdff647c6bf729e2b83806bac292a2fbd66e,0.9818181818181818
3ba59bab69d17dd258347c6dc047b22ccae25fc09ee0b4fbf482ec5fa6dab8d9,0.9818181818181818
50db4ee673eb3137a5cfb79a732a3f45a8d15f9f42e6b1ece18ad980dc8d508b,0.9818181818181818
7978ce7a9da295e15168df91eddaa08797753ad970df2d22e7d11c5205701a31,0.9818181818181818
9f498ed0d7a6cf7f30607f6431e990f0c594b83796dbd370e5ca965ebd63e49a,0.9818181818181818
31438f752b4a846638c0acd98c3078d7e1ee83204e0388bb15a61f38b358216c,0.9818181818181818
4b4df469d8738fd8426223c4d86415d57709e32586a5b2db400ef3060d01635e,0.9818181818181818
8ae212f0bdae0a7f7d2984b79967ec297a9349c6d1b69f9488edf892e2acb5fe,0.9818181818181818
99ecb57987e65568bdbf60e9dbf11856dee3a213ef42c0f0a821b7d9ece17f4f,0.9818181818181818
64d412acdf5f88576949d2ba2afe2c365e23a7ea97a70663c02b1ed9b415781f,0.9818181818181818
b96cec9f3b2f10414492fa37235dbfdaec3041ce79adbc84bf09c769c6e32c3d,0.9818181818181818
d62fed1a30012b02509cc4f3193ec847f935107fe333fe89bff08b74f2508e94,0.9818181818181818
cff4672673b91184f404f216448af523a85bd6613945fff6b69d63501270391f,0.9818181818181818
203e9dbc36dec73ed09bac983cadbe04883d1ddecfcaeae50e4d29ccb02a6055,0.9818181818181818
f92d491851b0594c399e44eff92ffc86f281499189535b49fdce50ea92e39e0f,0.9818181818181818
77ee7fda62aab2b66c5e4e39f68be5ee504ea196c491479de38da9f35eb49d9a,0.9818181818181818
3d1fb8b4eeb0ad251b44d954762eca39a1a9d5197fdc5f8ad66f1d7f6b8c7a1f,0.9818181818181818
14542faff1c8e7d9cecc0dd55fa924fab167e92d90234a7f6748d10932d629f1,0.9818181818181818
1e112300f52c5bd0aa3ad014814edc60abc904e4b0184182c87212175a03f86d,0.9818181818181818
4d9456b693bd0e71c26ccf2ca720d1ae18d5b26732d3784aa6486bc18ce51321,0.9818181818181818
0debd2379b9c354e43767e3be317aadf0cc562e03f01d2187adc3c0bcaee74a4,0.9818181818181818
374d1fa349225e91241e481487f9eeb295fee56b5403cff758d87dcc087860c6,0.9818181818181818
6de5fd78ccdf5253005629194214285f8dc3bc84d466b16946373bc52326c6a6,0.9818181818181818
65fc14218ee0103cb9dc77307c81412a3f82ea353ae8078ee9952bf4cc764325,0.9818181818181818
1e503f1c1a402e3af270c8e512df4047f8f1cc0e562bcdcec22d7b9e269d6e14,0.9818181818181818
00489ba3f0d05b82ff626d66bf32769dff5ba75303bc9b48f2e971e14369de79,0.9818181818181818
32f42fae00e17188bd509b7876f36ff99630a92f32a6d20df33f0f509368d223,0.9818181818181818
54a007f16d56eac382196151dbe5b612b231add0b20393d51d865d699921e6b6,0.9818181818181818
6bfa78e3803dda1fc6eef08a7e4e072555e346a9549098eb0765ea8e04bf8c6e,0.9818181818181818
0deba33b9cc959c8ff2e549e4eee8eb873cdae0d939fc32d5e0087144eb28a92,0.9818181818181818
4a198769c0a6484dadf0bf8dc2300c1261d1d4a057c20dd3d0fae5f1a432068d,0.9818181818181818
2bfcc0948cbe425b10058617fa135b17f7180b999b4550f98383369d6f2c44df,0.9818181818181818
34cceafc91dd995076b30db885079ee04e6064437c134577ef2191b2dbf0c455,0.9818181818181818
1a0b46d171c8ef51f2eb09d0e82aee8b39f20626c3d709531f8b41b993e4025b,0.9818181818181818
8aa1be7d2d9a15e7a93845966e5c2eba7b6dec0739ac0794441b3565451e87ca,0.9818181818181818
f805d187cda4465bd35cc163d2b1015d9cc0973076ece280773946a803660794,0.9818181818181818
b3c3a1c806fb97ed17d275c33f12061463d86c42c0b559a286d3dda52065d734,0.9818181818181818
c9e745495e3e6c3194269aa4b4b91cdc062377c2fcaa9deabae4dc58966d77d5,0.9818181818181818
9b071174a15a7649330437f6484122887456bd742787495dcd66588e75d725ff,0.9818181818181818
6750cd1833ba53763408abd5cd0347716abbee6c3557cb134cfcbcb64b23d7c7,0.9818181818181818
e02395aba9b88fd1fc2a46362bb432403386c2dd90f88efeccfaf604dc114b47,0.9818181818181818
7bb42a079182a47c280c1028f6c5e128959130011fa817f5568de624fc2cc26e,0.9818181818181818
289e8a2c2ec7e55bffaa7099e547a0cdceaedc5ed7a6f576033d96870f74bb1b,0.9818181818181818
dbec737f863c9a700c23ce1983c8dd238b23ceb5821fee388d56bc1514587306,0.9818181818181818
c14f6c25cce616e4f091682e1ebb8b29063e33e661f5acebabcc93c5a3c93306,0.9818181818181818
3d1539d711ab2121821902e0788687c943e5fdc780fef15a3181570dc8aba7a1,0.9818181818181818
21d93a812f097da8bf3eda0b10cfbe31a436b97324004d287c2cd1d502f93449,0.9818181818181818
54b431a36dd3a1c80aab4988d7160f8562012d4cae5815bdff898d9e673f7e1b,0.9818181818181818
17a37a9bc0e9a88fc2437262d5e11fe922954e1475c235dbdd41a8e1f779badb,0.9727272727272728
e8f6e13e4e0b9118f3b3c2258486146a0a97a211daea98de379ea4003e1a41d8,0.9727272727272728
b7a3647124e0a778202a29806f19cec0be4fc223671fe97eddcd7f4d3c6a8d1b,0.9727272727272728
a4e6439cf861e956fc40d7e542afde83c5cdab9af3ae85926ddc485ce1050412,0.9727272727272728
bde7d4554f9d28eb6286431cf7289babe92f8bcf4166b21501a7ae971ec21f1f,0.9727272727272728
29443d34526aa29001714b2358573308b4e5ae6086b4d18914068e6e42fbcc01,0.9727272727272728
400d4171e3d16a1e93898c9cc0e9aaae548eef60287f9138e23dd72ce48da0bc,0.9727272727272728
01a09c3d0626fbfbff7c72550aebf546382b828bec3d1618d49fcf13a3d057ac,0.9727272727272728
3579d7419c4f520f7ddd7aa4d3af4bbd678404ef1399a2606b6b785905a0326c,0.9727272727272728
bbbed4e1c22a33f631f956216be7065e9c26c51e6af321f75007ef805d9fc85f,0.9727272727272728
ac0ed770d88ab866cb635ab0887f7885db6749cf4bc23f15f6d5853974fcbab6,0.9727272727272728
ce4e0f6a5af7af890208d58c4b01127f5a0ba2cbd30811a1f5b9b598b9f56e79,0.9727272727272728
d11bde4a877f5aa45fd0a299b946c33f6b83d50174c8052a5cb932d714fdd1be,0.9727272727272728
59829fb1bacd4f60f2f004b8ce5749d8fbd6203bbb364931c2333e0e9faa61fa,0.9727272727272728
41895c33ad4d9ef99e7f9f8d69b9c1dfb30070689979705bd53d2dd99babb259,0.9727272727272728
2475fbfb3212ef9857fb9785987939eb351947b4342df027be9050b233195d94,0.9727272727272728
18ff1575a704bed3d179d0dd906bb9f049a6798b32b29b836756f8dbe5078353,0.9727272727272728
e8c41443f6847f210b6fae8158e4e13f0c87472f2ad7c9da07369c8a7acc1d3e,0.9727272727272728
0f1e74d0aff09c6a12b48e5e3e5730dcbf3506438efa2a545af13efc0310beaf,0.9727272727272728
7339f40939468203678256b7a7c4d5b533a2879adfe74c317de9a516c9554c8e,0.9727272727272728
482d1e6c996c4c5daa191e66dc0ded9d89497dc369bf67da3e5de85b78b67a56,0.9727272727272728
2885c7f18dd6226d5c1b6a257c14da292d80706710aae86d73300de95c3562c3,0.9727272727272728
ae533b516609a39f5ee6127cfb518ed626441b85bdcdfa19da330c8cd97b7ada,0.9727272727272728
36c61f919b2cf2010445467923c088a2510b9df12e19d0e69460a622062074a8,0.9727272727272728
a9b43236b9450033b3ddd921f68afc4038af9ca38b7f77608b3467bb8cc11be5,0.9727272727272728
58f33502ed6f44e555cb6c7165c14475e1385387bb0ade30707449cadb1b0ca6,0.9727272727272728
494621f80cabf38504dbd1527d013593583aab217fbc8f7dd8bfedeb24dce99c,0.9727272727272728
abc874386317685561174684af742e8753d35a1d850217939acb7092be6162fd,0.9727272727272728
09832d3c0f37e6a49dacdb4ef5b6e2d23c8b2d096136efb01becf37f2bf86ea7,0.9727272727272728
fcdd182abeb106cbe95f65126d90e742644a5051173db2a5cb336b6d3b5e6773,0.9727272727272728
30d7e6a5677e4c37bc33d42bcab73740ab65dd5f4230f0b18a3ca74e220b7dcb,0.9727272727272728
846b7117f37816a61c2aa3693f029d7c4471b517c8c0cf7935dfac84321f903b,0.9727272727272728
26f06243364a15222b0d36c8a3468772841a2b21efdb6f85047a98110abba65b,0.9727272727272728
d50d831a307f4d4d250572e3e9ec73745d7cb6505da061e227d7f051036275ee,0.9727272727272728
3574b0587eea4790f84c6a9389929e928fa7b80b08463ce9f74587ad8cef0ce7,0.9727272727272728
a3b6d772c4f8bdae1d2330af36f0de686fbfa74738c2595aa8923206ffc45778,0.9727272727272728
bcab13d23b35800ec5c6ca0a63f695d129a7640123a274459cb959e3ef80f267,0.9727272727272728
d9c0b3d167847e0c755c0bd0cdd269ca39a486ddc18768e413fe3bf199967846,0.9727272727272728
cd10ca8ed2da6a7541349db68c02ae31845460b9e7540a992b6e9e2e63e55eb2,0.9727272727272728
561cefb004b167adde30e5179b1565ceb1c8d43fb12b52b9591a145b8479b903,0.9636363636363636
0c17f91d6b8eb35fab6d843a7ed0a43b924095bef24c826ac1f0b9d08d54627d,0.9636363636363636
0768414d9b2ba28964965bb7587f0dca5b3c54cbac8e9f6ad2ff54dfa244bfe1,0.9636363636363636
f61e09fcd2778315e3e7502c3a2dfaf6a9117da49f8e9e1eea99281da49ad234,0.9636363636363636
5fae3670a92ef47dab952c128b177aff29065971ec8a25c259cccb24424349e4,0.9636363636363636
93139f0326aae3c907ec56d9e72d8e8694ae3428bf99833b2755d510a72c6bf5,0.9636363636363636
a5ccacab3f6731b8745cd6f3a9f9c29c8309883d2b75c7675feab53f1af30d8d,0.9636363636363636
402f800dd4bcfdc08b1d233c3f104c7eaec0506dcc4c9985b4d955a0f4f837bd,0.9636363636363636
d0da861e1c70d29007061b0f106973fad6d5d708638162accfd444c63427f497,0.9636363636363636
2adc166c6bd42593ddd36fd01437976b8cce31c1783435ae9afd3e7f508b233b,0.9636363636363636
d440d4c4e52130feeb8672e0a179990cbf6278c9237531a98a5fd41f8dabd104,0.9636363636363636
76a5ba31b0d1f4f47f3db1d9a015d91cddce3d5d1cf2801e63ff622914fbe154,0.9636363636363636
ed1fa8a04b05a7d6936088b99c5b61e631b097a2057ae630ca95832309e701f1,0.9636363636363636
78324927c137e283c59c7ab3b6f1ad5254b26028ba5878634d9b9a59deb1aaac,0.9636363636363636
ed100dd4566b0505631d46df840a6a703759f3d4e06edb0fef5bf3a636a5aa08,0.9636363636363636
995018b576a0d49af537b7c4662ee10305aa09d5ae5a04d7c40146984fc7cab1,0.9636363636363636
122f32d2422fe5c1163f78fe528854623c06369458a6c557a423e92afc184c33,0.9636363636363636
18068d7075e14c0f08fb2ddc3a1bd433546ead684b68679e536a832c956c9e03,0.9636363636363636
ab00683483968a4d6a5eb4cb10716784f0cc3077fe704d850cdc04d5bc31e856,0.9636363636363636
591e577a425113227d09ea6f7a5adcbc64ef72e23551d8cddb3568301ccf477a,0.9636363636363636
8ff54e6e9c5a46aa9a45848f664ce144aa8d37224321cddc417923ffa9050aa2,0.9636363636363636
1174cf0a5982339d60484b4569865fd9b94ce30729e56a04337cc8d64add426c,0.9636363636363636
332a4208773972a72fec64238809b23f78a3a3be9da48cd427f9fff422caaa77,0.9636363636363636
db40970e5527399829b1e509a5a3c1c57e1cc0c5f6d6b82bbd528cb2a90816fa,0.9636363636363636
e89a913b130c98695a00d5287c68cd2031aee314f80a8077a9ddfcad41e67540,0.9636363636363636
2a1ed770eb216593006752a458f150305b926b77f463ce511b50d5930f57afbc,0.9636363636363636
1e36b2c6ecf8630e2f7c02cd759a81ad2e7acc8bf773b1aacf31c7daf3fac711,0.9636363636363636
2592aa418f8924fc49110394516ace413600949c58f4f95e7facd259759fb169,0.9636363636363636
92352f2bf91d24e8b96d5515322aa1f4d14bbd278d4ff0fbe76f4c058b412d23,0.9636363636363636
110a5abb171c046b85c7d40aad0298ac5cd0f647ded706fcbc22bd61ea0cb845,0.9636363636363636
8dfe28e94873a49c2b9d2f16f7fad95381fa19680226e0b42178db00157606fa,0.9636363636363636
7c0573a370153b887ed15b99d9c604a6c63eae982c87f0ffa1ecb6d8e404ff2b,0.9636363636363636
781e83d84c9264820361c3024e48906d5db2e0eb8754444feba49533c66bcc7b,0.9636363636363636
aff8948936ab21dfea40acb18907c8d0957a9feb99d2722106b74febcd8138aa,0.9545454545454546
9b7198e52e939b09283454572999557d85284b57cfb146ad960f4657b33be1e2,0.9545454545454546
0f889bda1e64e896932f8331b5d8ace7b2b10d356e294f29498dfd84f478d541,0.9545454545454546
ee41521ef465a5dfd47a52cbbac344042a50c1dd8c50d874652f416ac43e34e8,0.9545454545454546
3746387fbfa3b5540df0dd6aea9c77d4b62aaae6e48c9d246dc1ea67f03b2e86,0.9545454545454546
fb2f433dfe079e2aa5900dc6842629484617d55d53ed92ea9e16a6f12282b836,0.9545454545454546
11a64d37633f8f6b89dbcdbd23fe34694115fa1d7140d275330f39cda7a7a49e,0.9545454545454546
036e68887c34b9db6afeca5c11a202e88687d2027556ec521848f3f5bd8f695c,0.9545454545454546
9388fdff733ed01bf6808f7f8a3f453e332a5476b1800931305b661f7e7bc603,0.9545454545454546
16c73b6cbb7056aa4ceb69c1fb548bd9ea6d3ee53eaab919d7d4a35b6dc43260,0.9545454545454546
2d957267e55a1ccec8225364d3122cf83a742887b3e75140893c8ab52da907e9,0.9545454545454546
3bf33017d3e2633fe5c7bca0f0a239584e51b14de70f5aed40fb6cbe6855117b,0.9545454545454546
2c6bf79c237c7678b5e0a6c3793e53d56a418d0713b2a6ef3d71ae92b72502ac,0.9545454545454546
8a5957d4ad2c2db34dde7f0a8218a4f938434d471759507fdc1fbe9dffae61bc,0.9545454545454546
64e63506a6929f819d894fabc3321ffaeeb8b52b1cb1d50f9b55e9f6414abad8,0.9545454545454546
8b4f80d6634fa0ec4179ea462f45c07f3343edaacfce1e9fc46613b7781db04b,0.9545454545454546
4a35cc262bd8b7a2a78655a5d03275c823822f35bd520ace23d963dcc079fe63,0.9545454545454546
736c65fc0ef3072f72f47161159e4eef51c561671f0a730fe0ef30210173a365,0.9545454545454546
7649df7043403225aa56ba2e5f4097978118d4d487d51943c7eba5b500b370b9,0.9545454545454546
db5bdeaac703a7bb779611df9fd6f6044ae18b1a07101b65992499f0b85beec5,0.9545454545454546
c18382bf7178d8d4449972c667d648c108182c5d22df8b355be18ee5065aa20b,0.9545454545454546
695a0f1d11c5b0f3e3d766011115abfa465e36add2f9702e700172de8a2820a5,0.9545454545454546
6fdcf170ee2825a67dea7849ab551f64f4c1d931693a4353edc78aca67aa3bd8,0.9545454545454546
e2664aea7d59f111af3e4ef40ff621a2c74b89d2754c4fd3daffa8ea3f2fcbcd,0.9545454545454546
96d5ae14d834f75a0db42fb23fad27a971f7a3f7e91733ca5a97fd479ff1ccf0,0.9545454545454546
a438ea25b46098ee8ac1927609fba7af54accd78eab2b6d90714ea83c770b4bf,0.9545454545454546
ab115f8dee657143acbc33c53557029f20aa1ec49fa4e3bff45420bb02ca36bf,0.9545454545454546
0e5c656841c2a4b6b3c86fc9bdd60e3b21c8f0c999e0acb015cce7730eed8726,0.9545454545454546
f071eed7af96842df5fb163828bdbfe9a47efde54d3a9a5ddb8a8b1945b92d0d,0.9545454545454546
4edab328f5bc3452d75da17745b7a1a7fe6466352b61495dff88cabc26ff7aba,0.9545454545454546
07643b8e4da917c9595886955e057d18dff81336b41732937db1df915691ee32,0.9545454545454546
35a962498563e85404c9895f734abbd2a3533d4c38c5745c7860b3d5fe7963b2,0.9454545454545454
11a08aabb5144aca69455cdac7cd5a7432b748d6f73865ed96f31081f12af3c5,0.9454545454545454
d3f66d10d94ada4d5805d85501502491c1f3c4963fafc51cf8b39f84da54be96,0.9454545454545454
405d9df7cf293d0dba353a151ff13545184ab0d62bed4c4a384881c13b01dd4b,0.9454545454545454
e120b3b1edef6c3a823b3d207944155b64b1d53dd3ea61caa3c88c9f475a4caf,0.9454545454545454
57712dd477089be5d64e2639b3fac8328556e87b09c3063679f507f7a4179fdc,0.9454545454545454
099927213e8cf60291e8241bc78a1d92da8fbb2826ae30b45cad02dcc2ea19ba,0.9454545454545454
4fe58f04ab3b6310bd7b6b589f166871da90de6f8e1f24e9643b8ac8b3d7dd7f,0.9454545454545454
f081e5c6355d6ae432cb62330fc4108a39616f1bf3d2623011b8b647a3620cec,0.9454545454545454
97582464b25e3f37a4588e98d9bf8b87aabb9d442c0dfd02818ce79a0183e744,0.9454545454545454
78452299ba2d7e4007f4302958b218c595672e362d011e2224f762b2eb68261a,0.9454545454545454
e421898d0b75c3e32942e6f1bd4c36811530b0e5a85d19baa0d7eb980b198262,0.9454545454545454
361f4c9ec4447553cdd227e24e44c1596f27d5c8ead11f23fed36a8171276115,0.9454545454545454
bf46fc06031a203b3fe0a3267bd4bf410fcd05abdc08d8632b223695b064b461,0.9454545454545454
eb9a8e170fc01462b6aef729b759256818d127a05baad21a3540379399bc5843,0.9454545454545454
be13261e94cc356b73e612ad97cc7fdfa2998f3e70db5d1829f0d5a01305a026,0.9454545454545454
f8c69fc9ebc3d49a97e00e262ef93586f02cbe7eef95ea4a91390e73369f4bbd,0.9454545454545454
0ff14cb3aeeca6628be8dafc1c685176c0f0d204659a52b15363c5a940c2ee2c,0.9454545454545454
f46af1c1623d3d2507ea0b8091379d5d75c79e3ae93fc63eae3470ae5030d263,0.9454545454545454
016a443dee633971231d2f6fb9851221d272767f34130caa97f995478ec4d8b6,0.9454545454545454
4ea01668f3de145c251669e4cc36bc6c0aec302b50a6a702d7a66571c1afc4af,0.9454545454545454
d2e5177dfbd1672430c369681f403e22418eebd9b62042c960eb17426b4eb4f7,0.9454545454545454
c50bee669db87045468ea80c412ed7a75b8fe88a1c5352c9449c539b4641cab9,0.9454545454545454
878941f08ce9d9d6cdb82619802633aeb94614fbcef61e96650cf0da241cbf5b,0.9454545454545454
10f4f235fc1735ad8ce3b6acc7780fb00b57fecaa40f1b47a88d140b51689926,0.9454545454545454
eb3a5a838d32848ab01a94a2e34116cc96418ea2e2d5c63ca1a94d4525fd35d3,0.9454545454545454
00f254729091c7bb877376f3e8de48ae8cae785ddcc3175fe7e7d496f5b586f5,0.9454545454545454
84674419cbf87552bab32c0d8ae6e17d458a760f4ffea7e8349e4160e845c17c,0.9454545454545454
71e0685d247ee21dbf6d0ae6ae1915e1defbc47e4715fa84fde9196f25ee4c20,0.9454545454545454
4e659b4ebdd3af251c0bde15fbf94ee5e02daf6fa7346458622fee85c2f36af5,0.9454545454545454
27d9e59584cc7e7b8050ade0455b2af75a910de70892c4fd199e9206eed2687b,0.9454545454545454
375ed1aa1d1970a0987783a00af83f44c396b08e6d01abcddde019d87dad5523,0.9454545454545454
69f2a54733709883d5021d04187d72db1c213dbb8e66bd9ef9afad809b734064,0.9454545454545454
1a0933aa14387e45e42f98fce16e3a646ec5465f81a9f8ed555764f7d3856c2e,0.9363636363636364
de77447c83506c0b58bf88feeb63dec87d4e41b6bb1d8f0a8a19522e49aa6e8c,0.9363636363636364
e6ea1248fe597b9f13d561c998d9e440f3c50333559b39f1ae74ad9068cca82b,0.9363636363636364
0ec489a4a382ceb4f4e84ef773b046cad474a890c624f700638274b187319468,0.9363636363636364
af37d5d91d2467fe11ffe86bb52c05a2b61282efa14e46231b08fcd2866b0602,0.9363636363636364
5c38ca9cbb8c5710453d6ff402348b5700825c9656f167f9757b7447a2c5e22e,0.9363636363636364
ca0dc307b5a1d0c5849d39db454e461d802651756416749864eb703144029957,0.9363636363636364
ba6511c93549501b551e6919592cf50366823744e836e4a11c297bbd5a027c09,0.9363636363636364
9b938b13fee59095a67fa22e7e0a336982c5da36a75a1c68812aecaeb70e822f,0.9363636363636364
8f91bf92d0c03e4ccfec348ee4fc09d4d7bb4249ec90fdd55e9598fab63200c2,0.9363636363636364
9ea7d1e00f08a915768e95eabecb32acfa55f26125b33bc98b8af7db72c7335b,0.9363636363636364
fd6f8db785ed2272c89604a9512d1b1bb0a8f8e49dc8456d121c4fbd31040f34,0.9363636363636364
a3d925e824b630c10d7bc6d3f5104656d0e43db7665209c77523cd59d68ac53f,0.9363636363636364
0db4f4916fd708011e52e5847afb711f380378c0844380077ad17af44dbed83f,0.9363636363636364
863cb78bfcbc72919a6ee7f1845eb22c904909df7ccbe09ac1068c0b8c4b1bf5,0.9363636363636364
bc845fa36537c002b3eea68928be52e02e1dfeb4563b20338ebc36c8354e4e24,0.9363636363636364
e2f6cef15b5ea9961094cc78e59cb25b5f0e4386fe011889830f999c829d63c7,0.9363636363636364
44ab081acc013ff73a0a2dad77dcbdcbf4c529905b2ac4f9f96b980c1ac09467,0.9363636363636364
c88250ce570a2b2ccf7599cb46d4e1ce3402916d44c62291df0b43d9cbbbbd06,0.9363636363636364
2aa0502abeac44e32c5ed9d254ad7ba8e14ab4df33952ada8851ccc8bd1111f4,0.9363636363636364
4f68fed222ebe6de18e08e5d92c66a903532468cc383c337ce72fb88f2bde11f,0.9363636363636364
f6964ee618a22b63654ccf23861db98fd5e505204b94e4dcc3c2dbbfd7959a5d,0.9363636363636364
9dc9c835e62df4bc090470d77a6dfe94553172a5261dfe50c39dd051f92a574e,0.9363636363636364
87fd65e4ba219b3eac6b631b0635a2cb770cf97d2e7a596e863c35d0d7465e3a,0.9363636363636364
552ecf15f84785db10a72738cf985aced24cb7c3c02f05ba17b311a75fbb378f,0.9363636363636364
738b0eb93840bddfe3efc220d527e0dd58fe871897bff4b3e5a4c118bee7ee4a,0.9363636363636364
bf7cb09c6f9fb560d31d407d6ab2503a73a4f01f9e88d45cd36fdf71096479ac,0.9363636363636364
4402417f9e7e3b8265ebbaee5ec2727587fb266fc183dea1ee207ea44a186662,0.9363636363636364
c9f3ed8fd2cb9721896e6f75e3cdd413c923103c966529d9c06f09f8e1008bb3,0.9363636363636364
d46941127b3c63a14bfc9989007222dd34471022037a7b42cc11a78a035c90df,0.9363636363636364
add047d094962011d3aa14101eb2e23549f524eee7d68258d3a2e5a9d65e2b62,0.9363636363636364
c1945bfb17e9a5006602ddbc6a97980ed317cf6edf9e9ef9ff854f16e129ef95,0.9363636363636364
3cf5b09e02ab1f73da71a94b5d2cf9f959f75eddbcb982cf14bfdcfc414b141b,0.9363636363636364
2311d808275652ef5f044cb9fc3c59d0901ea31554b0d06b6cb6ac9b983d4517,0.9363636363636364
36fe3fb3c2b5bbfcdaa02c37c92bdff95323031a0eb155b37e2109eb6ad08bd8,0.9363636363636364
336bbbd8f1c55b5da88026ba339afc7901baa2c5dbdec273efaa5dacedf986c8,0.9363636363636364
c142d36e703ea17855c200bb55fa7500f08bac698012e001ad5bee01cdaa0205,0.9363636363636364
0a7a9f3f64456323434f646ac03702d8a9c11f0b07e090588bb7704aeb7b9754,0.9363636363636364
c6ed73eb0ee29536fae9be1b7349eb4e30d0e1976713314c091c9c19b52d6f83,0.9363636363636364
8f6865e6c49202658599aa11d32885bf4d7011106a176d0a1fb7a11d882febdf,0.9363636363636364
ce1d2ef80a86d9ee1e83f3abbd46c36bf0c332ff5e719d7a1ad0f9365be71798,0.9363636363636364
b7565022c5544f3cad0b71acea0bca519579c6046f164523e6d7581b8597d98e,0.9363636363636364
bc53d70935ae8ccffa814dee9872747f2cf4e4da81c73c85a5e487bafd9607ef,0.9363636363636364
f655089bd56d45840f7a1677f654d9d423c29fcf074e25ebc0c9c10f9e8ef5c7,0.9363636363636364
a95cf941f90e5056d20af417830dc8ec38028d15d96cb6fb7996af1f448fd370,0.9272727272727272
25d6b56993fee1553d332da217aac9daa4200f8db14e24b6d8f0cf38453fac0f,0.9272727272727272
4717e36e0bf168c89f61922d78e95409a725957a0bb2fc712b4e8fa1d6b21892,0.9272727272727272
369bc0b591b7fd29fabb9e6a69afc9173325a857e218137219e7517f00cd8c17,0.9272727272727272
fedf5997a2a49d6a306f4a3a134094afd1c3242a53fdf3f0d79d081945359cde,0.9272727272727272
c4064b40228bc6abf09274f1414e6c19723130780e2f3b180bf99b7e2e9e9c3d,0.9272727272727272
90d8e0dfe5b73455f0d1de287f6684024e6b1e69a11707c009f9a25a9fd70be7,0.9272727272727272
e2e7b9d40a7ea39888f81f8d6beef0bba409a49e636998f2d009354b3af2b9af,0.9272727272727272
48e0cd3363d2c7897386bf42957da930d7142512803bb7318677eb23cca59440,0.9272727272727272
e68018ab04fb40bec327eee48092d6b1bc0b0197d43688e0de62e9d7b44efaea,0.9272727272727272
71288e385e826aa16d499feaf47c3a7a6c92b9cdc3979f9fbae0d461dd37d9cb,0.9272727272727272
aca9bd30a5df89efcbf3c8e4c36c0eb11e901656fc204fc94aa5ff64fea092e8,0.9272727272727272
2d57bc7b406bb9cd3de9d2305b6bbd30755de5b73dbb80aa8b14dc71a8b3da1d,0.9272727272727272
865bd9c4bc55d9308e54f62015fcce25fb0d8ae625cb9ffdde355418a2c4af1b,0.9272727272727272
c3451eedbaa3beb587ee11238e62d681d9b5298f98e20aedc6efe8058e1a5e5b,0.9272727272727272
01ecafa00e8e543ab9fe828672c4c1ff5737610514c0b8e33b0a49a83f72238c,0.9272727272727272
5d02a14b54df5574cd4d533072fca4b345a2cb5ea4ee93b091e37fd4c5541996,0.9272727272727272
7d8bc07369e020350243e04fa7760b29bd9cdc5dfd32ce12af9e2c69d3468fa6,0.9272727272727272
86fdb2195c4c6a852d5bf4f7af0fe91d274f7425e98083615afa876a0c306b1f,0.9272727272727272
9c5add21f3cb3f8b83740915d7625127f642ba35f001bb6cea3d2442f46035ae,0.9272727272727272
ea7e8b001cd1a01cda16c8d49b7000c5ed7c2f7875077ce61b448241a1e33d9f,0.9272727272727272
ebcef6f1552af2eeacf374d8e9c904f27e48feffc85619d95739c3295d75da87,0.9272727272727272
5a9628776c0a939403376c3c160236027b28941c867434bcd05a79009dbe86ff,0.9272727272727272
2570b977bb7d54b37eb5e5f168c22d0b8539f16d8af02b35cd6768c48ec11600,0.9272727272727272
d238a22a76bc88939099fce07aef5dc4a4a51ac89dae1052325d8b33b6a55c1d,0.9272727272727272
1b87d437e6a1ec03419376c83311774050befad7fcdfbb5460d1c3cdaa3dfee5,0.9272727272727272
f9657d3dca78c3d1a6f26f22379ef83aee9d4ecec1969970369c84bf90290747,0.9272727272727272
4601682265434a2eacc5e93ef175a829aee6d62b6a1b7a39a7ceb02567ec01ad,0.9272727272727272
b7c7bfc7d728f4ea7fba21276f7ddf8af1b881bd1a1f9112fee99f62bdd83774,0.9272727272727272
8814995ce9b2479efdd4178232d7ca4453a339062cabf561008ee1b99f0da555,0.9272727272727272
0ca6c93228153271b0f104ba6dcfeaf9339b1739d0a54ba212d7a7856c3e72c0,0.9272727272727272
1cdaafd8717bd9bbfdd2fb3e60229307deac285b77c17d0e7da37c2f60f14395,0.9272727272727272
967ef47941b1baff04cf7d95c5ebbf4374b673af8c0f09f04fa5d47b21a6ffcf,0.9272727272727272
a4433b5224f75df11daed7de50c43b5734463d697c5b822619fa9063d49f9ea6,0.9272727272727272
ba9eecb8bfe8a72857eff4930f55b1cb0bc23945a98467b60525e58926d0e64e,0.9272727272727272
f6df36316054d5e133ef848953b614400054b646f274c4a42dd320f569990873,0.9272727272727272
6b491ad9b4fed049f5aabdeace2606f56f455047fd913268cc292dbda6c93683,0.9272727272727272
c98674c0ddfed3d407ed6ec443ae8361b75cf824ead7eced0cb83cc9d9dcc7de,0.9272727272727272
f1acb777c6a4ba722797329358dff67e113ee5f6159ac5e8a2e9cc87296cf891,0.9181818181818182
7cc184f6415e383c2ebe5f7ad46994f8f445d33b627dcaaf85e487ef772495f5,0.9181818181818182
0b05018cc9fd510cc47969b0590cf8dc12c767a260021b722cf376937ccac93f,0.9181818181818182
a7df3fd3b72f8b60c60b1180f413d074a391f6293ec86ade42fcb7170dee8487,0.9181818181818182
b3e2aaecb275ee07e29dd5687685afba0c7fc657cf127a35b81c34477fc916dd,0.9181818181818182
c961c006978b1ab347fec459a4aa4383dbc9b4a85fa38c15607812e56c9c674c,0.9181818181818182
be10a9635e6834733682b580b62b8be67e6af0cda864064806660b7efe3127c0,0.9181818181818182
d32ad230adbec03bbff997958c88631eb7054d22e8d3e0e5f7c4fe2973ab23bd,0.9181818181818182
dfb6021d7170be7eeb456e9f73608769cb3d505dcfaf1c1901d9567a4ec0a74c,0.9181818181818182
9b9f661366a1fea1eb48fac65376f6dbda1c1b827a62ba1e686800f75f4cbe57,0.9181818181818182
83f78bb08a4cbd43294e38f44cdbec0490c6429744d2030bb3a3a46020fcf883,0.9181818181818182
bb805de3e054332a3447966af2ee75fbed0b08a0227589b40b61e2de7fa59e2a,0.9181818181818182
774c9d1f05c22ab087506263316a8d1684eed2909ba836e94eb7cee7593698d8,0.9181818181818182
b5faba50b359b46025ab94a19783308ed929ec69704bbbf00d18ee328d89fca3,0.9181818181818182
3d582094ffdead2543f6836b0bd4afa366ae28b9a877b14b5beae1d6fbf06246,0.9181818181818182
290803ce9835af8abee6e5c3c94cd6878accaed8f5d409f4640e5092fc74893d,0.9181818181818182
cff0cb4edad66435ac0c58c72dacc814360e0c25c226767cc8461b633a9c2fc4,0.9181818181818182
768da2b704b77540ba34c1428b562457ba3bd43d9effba17abfa4cfc3a162200,0.9181818181818182
7575aa3955dc232d509dee4e3c516e382332f818837f9175d5e66638c94bac92,0.9181818181818182
506b8d7eb2faace0cfb85d1d9fe5e763eee785dddfd52609b76866e2c30a2d35,0.9181818181818182
f01005a0f5c759b378e9c68f4fd4e53008ef4512bbb63347994b8c87486f6043,0.9181818181818182
370cdef2ceff01ce7388f3defce600f4b0a887902d1d5dcb3753b00b9fa6c6e1,0.9181818181818182
5de26254db3c469a86c3b2d4536603d1e3e357623e43e87997e0db578960b2df,0.9181818181818182
a2fff6f988a8927bc533d36cc5cf1663f66d6b4b732807e27c48accd1bede3e6,0.9181818181818182
580e117e3bdd45afddf04b3b223e1a88eb6724fc8047e30488a81a18ebdb29c5,0.9181818181818182
2491be56ec118a6c0c7aeeda3be4a624ae9a31303e918a2a555e8cd4c29b8ec3,0.9181818181818182
ff4fa47086c64b227a09f6b4549056088dc79525f39a9cdb64fc7ed15b8f97f9,0.9181818181818182
3722577b50fc37aa841a5e30f6a9b06a6e777b17d8fd78dabeaa99d06b1bce99,0.9181818181818182
8953244b715397582014199d458c06c5ff65d5b6877d738b970ab4b4388b7cef,0.9181818181818182
4d1a506f0f18e878ab2f85ba8344ff8ececcf6afefff49b029ce9bd03fbf1fdd,0.9181818181818182
d2314ad62df4272fe6b39d93bf8d41a85c5fe95299ad9a180b0e1012118cd54e,0.9181818181818182
0b37f371e7c83d8449a44d24c3d4e7f030658b89e1ec20017bc6523cc3a05a0f,0.9181818181818182
8a45d50db5aa4e40700311003554faa5d315b777103913337aa8e33fe9a04c00,0.9181818181818182
848e624f68f21a3f50e4fdb0eca38a9b5a803ba13799d42ded02656d2da979be,0.9181818181818182
403fcf49066cabd1ac3095e1cf5f7c79c312c71dca8815e71c1a635b193af5ff,0.9181818181818182
2e34887354b89471ce92936b1581a82aeb1129a56505dadf8fc9fecd90a416de,0.9181818181818182
02022f845f519cc37e359c0a92945c5a7f1f0a8440e6917367684b4c3f944f44,0.9181818181818182
83a9b92ac9fbafeda6a5ac79b2678bd2742ede2585c17d9beb74cbf76896cf09,0.9181818181818182
b2fa415dec2194a9801df82e1aa5fdfd69c9b91b38b6c95ca0f50fed2bb660ed,0.9181818181818182
bc0d48f047e0627aae2f5adf9fbf9bfb82a429c47f35d76033a7bfc3930139c2,0.9181818181818182
eb5fe1bac5a97cdb4f41c1c4f639d5f9ba339152c229549a1635df238331b5f2,0.9181818181818182
343b6ca86ab53e6a76c8a7496a4bb15f1e2220717346112a597e8eef1e570f27,0.9090909090909091
b83a829732224b65b78043d035eb588b2908bd5977452b30852b59f61d2459b5,0.9090909090909091
e508580293a477ba2d3d41bc4edde3efd4a62ad842ba4d78aede4f121252c3b4,0.9090909090909091
2dc8bfabee04600e4e790ceb7826f723c338bd71e0bfb4a1ea9168e0e9a60415,0.9090909090909091
630a8e43494639b93bef652c18e4fc85399a4c93c1467a40011c7d4a8b41594e,0.9090909090909091
f1aff8cc03bae4f8c51fb36d450ca6102bc9695a72d381e1536a6ce25b2cc216,0.9090909090909091
f43473762565ccc52919bc71fab565290ec0292b6cc29ec64e224b3d3ed3ea94,0.9090909090909091
b9ecb6629e14d5e760685521d1394e6ed76a563f770e6183786d3867492de692,0.9090909090909091
8d1855b46f05879b4b8ad52f4eb965a680c69c4189ffbabe8e331c08c986383f,0.9090909090909091
8a584390e7b2fba5ef33a51b2f8fd63bd202194db3e5eeecba6bd5beaac9c698,0.9090909090909091
0310497adf11806aceb8d1ab7ac6817d5fc85c0e01f5ef0f1631ed32ef39e7a9,0.9090909090909091
42b241f507938149e981622ce29a5323cbb58917d25c52e92dd3dcedff2d2525,0.9090909090909091
a1f3b85ed62654581d1ed363862133242e165a9b1acff5f6c6d29143c4e44916,0.9090909090909091
982474a2bff54ee4e687313c5c92b02ee4a4a713487f98b042d6c0ac17528d00,0.9090909090909091
5837bab8181d2c64b83d0b78e68892a3120270feb7b0fe9aa79a195869839590,0.9090909090909091
825dd0f82c9a76a76e6858813c1bb1dc3ddd4720b914d1343b410fca65e96cfb,0.9090909090909091
33bac77f6669243d8aafe2d38ed84151ebb3893eabb7f4952c937e2fe7b0e60e,0.9090909090909091
c5cbff7b61caa9522f08ab870f4f5fe5e74c625c84c1ef76fccb2077ee240988,0.9090909090909091
b4e1f44753f6986f53662d7310017f454f40ce2c7d3ccac13ae6df4c2d24a9c6,0.9090909090909091
6cea09a4ded52ab71593034233c121b7aa8af69bce25a0f4926ed12c1901f3fe,0.9090909090909091
63467f2c39245d467bf6bd68b849b57b8ce5c7846a818d1d4034a4bd81fdc9a9,0.9090909090909091
fe6090d21bfc3fb49ed5fbda29973aeb2ceadcd0ca9b197ed756a5c948c42c62,0.9090909090909091
a74b4b5172bafa295c4d2ef1548da7ccfe3d5e3502d632a077b730f415793905,0.9090909090909091
06dd47bc905d019e5b124225577b774d749e118a1ae69fc9bda48e8321b7dbd7,0.9090909090909091
ed5b72cfee74ee70b88e03cc939d4abac23fb099c0f8d44284e2425713ea7008,0.9090909090909091
431536415248950a6389606558169c3b47608c5cca3753f41b0c904c944ecec1,0.9090909090909091
5f258009821290837f49e5b91f17b5644e2934bb4c62739e0b86525843b94771,0.9090909090909091
4b317f5941494d8a0663aca0b9b9c5be74939ae878b40d31b7c85261a30b3bc2,0.9090909090909091
ebde6edce57ee251b2e50110caf12317dce608e86bcb969c61cd52c66bef3efc,0.9090909090909091
5b0e32f5b3c58c14ccbba2da37b1b718ba25bee3bf1e300405490e9fa2d87c12,0.9090909090909091
4086d4bce0d7768cc3ee1f555517b2c68e45da3d7d2792f3fd5fd6c162a12401,0.9090909090909091
ad9ee4d4ade65dfbcacd8eda669c23addc1952c7856e2b1d5e82309abb0ddf40,0.9090909090909091
04cdef4ff6bf6692c5a5a609324127c273c3cd590b10d36faddfe46693798b1b,0.9090909090909091
c673f2f136f08b67b5b60efff1b191f5279767e7426f51f1d5317fefa909f7ca,0.9090909090909091
e12a5da845a56b6fc1a5ac6364d8916ed827c51032b6489ae6105efa22b754ad,0.9
3a03cd6d32626514d7d413c6229ae3aa3b3ff6462d509e928f7fb6bb432c0aa8,0.9
cfec7a12451ae9dad9794f58e46582507a0555612a3a17a8b68d741368c0c017,0.9
8214c2c1505ea5361eca09f166b8a2b684f1330957c29fd122d33e545967cf5b,0.9
0a6d667b2c46d447640ac66f3e96919a77c5c20e2a0e9b383bd42ca226442a17,0.9
f210b88ea038c9db510e9a33a409b87401650e8af7d461dad4cfa44c0dcb1d31,0.9
0a51c56ee7eb088794740bf077bb2be89167a3b60b38a816f2cd778ec70ae538,0.9
52becd8bb7df5a001ffc685c0e6b9895d84620c08f9e56f2e7cee265720eb62d,0.9
ca9aa733c46a0d6044ab821c6813fc92fdb9e5713891e44de73b7a5e69e0e3cf,0.9
cf5abf9d1a1b5912e1fe2825f6130fdaa50a313a0d68f3693f675ad1d7e60bfc,0.9
61de784dc60205a3c21d41c443e7ff3dc8c43cf27965a53f2e791a04578209f5,0.9
90d27d67a0e9b2559a646d3e915e0aa09e1fdcd67c4bb7a6b3fa86f5d8e0d514,0.9
c6075c40397ac50c4f8805c8dff04e545a7a11c7cbb510034528d01b9c31deb7,0.9
70aa00a8d9fe28514b7c447d12ea04ab645f8fbff7e1ca11c19ba7844370c587,0.9
97830f0377d6491b00f74173030c13887c4b8dc7fe07850ff441beefcfc9be68,0.9
21ebfb06bd24e24b9adf37d54538de661b64956d9e5bee89cd11e504d9e6ea36,0.9
f206b75a0c7d121780a8c45da6e63a1dbb0edc8f8bf39178783a195a45dd37c3,0.9
04f69fd813ee9108f16c8ae6d6b881778bd6efe0a5e801cfe99f3c6627da32c9,0.9
7de810a5e2d72bb87a2bfbda7f33aa890d1a1d0ab5a47b5a78fdf24daf957f59,0.9
370cb7b2a8c7c447bfa3134f5e1810a94520dd19f94bea7a2504ed2c7a8ca987,0.9
1bd217cbc8192f263eb7c3054dd924beebb62661b06dddd7bedf79f0456e25d6,0.9
0f3d6001616128930271c8d264625286c94e8d7229883b3ff0bc8eebc46552cc,0.9
5b9d13853951ac06ed7256551248223e8237a31fa35b477e3843e19ccecc4c91,0.9
8413b7b672c4a0093e0298dfd0c5ec31bd4fd07f6f2ad1cfe23738e1a28ce4c7,0.9
2c2525e7bf26b4e09574d7f3c81625eb8644fb283ec3bb849c2a895453243c4f,0.9
ba937f69eaac88cf9c3472c6cc190b6a1cd49229f1601b028d8b39a5314bfed8,0.9
d9a28b1c5f71b8927efcf17059aa8484b0ea5bbc253b8cd6733abe9218d1e02f,0.9
acf1963183e920c056be773e2099322c99c98b8b19f7204a081f1dc001f3fc93,0.9
5321d7a4618de003c45a72b7c1dc6505162b09ee465c135af1d70f3d216be7c7,0.9
1e034dd901b637b2b9449b7fc4d8395c38e3c855f31d384079450142859d7bc4,0.9
f29785596cb26e829ef9208ce2c08bb172d9941100aea9541fec82486ed27ebf,0.9
59379146b791d11f7436c4cc33243f40f6e1c9c27fa0a15af72fabdfc0c6c8cc,0.9
0172271298bc14c2d5e3be8f95f8e757a17f36725218dab7f06e9ea35c045cd7,0.9
a5cc57a79f054868bd1a3da80fe7bc09b9eb4928af15a7094ccd50ca676e1d9a,0.9
554f05094c8f3af9efbb47b5239ffc9a7d42834e1fa412b78b81139ed36539e7,0.9
e3476ebc1e365f74c9ba2f9d5d22c567785354c959a4a30b33f0ea142ab28196,0.9
3d8ec604a031487096e554ce63181cfda49d1768b5ee0a69126bb82515f3f471,0.8909090909090909
a683756f12ab6e6edcfd589da2a86227c73a079d82b4ffc3262e2af93afd9d74,0.8909090909090909
ecc5d860b369e9b9a928fd4100c181d2e8a78b398696c1cd371b872943f33f67,0.8909090909090909
236c7733891ab789050db6c704b136d9a57afa263f22e2121c171c86f842f55c,0.8909090909090909
06aaa7fbdf49f1c575d302edd00d099e0c78a23b9dde59535b41b8d18a37d2d7,0.8909090909090909
b1f8dc64cdd756476c3c809e49398f94aa9627e00c84f356fbd851f5041902f2,0.8909090909090909
61999f5f04a0df27992fa2c08245538d6981ff9314cc7229dfb656d8c14e8e2f,0.8909090909090909
5ab77e9c33090f87a92e2ec911286cb993c604ee8b70809d93337743f924fc9a,0.8909090909090909
6940a00c907814c5252c927e5f9d6e6f4ba29612bcd90a99adc68a9fc1c46d59,0.8909090909090909
3df28d48c62c9f1055414d3fc8de9f404c62ec75cfa8df5e48d7f088f2b13e11,0.8909090909090909
aff8460c07c137eb95f76c1b2180d4372b4fd017b728abbedcb3204dec0c77ec,0.8909090909090909
0a9be966fac1e5bc7cbfbe212792ed42abd3ef5507a9bc4ba44252855a86eeea,0.8909090909090909
f5545ad706300a2373c41e56030505d3b42434271547b61ab1400034f194129d,0.8909090909090909
eb2f5dd1e83170fe2d490ed0f42be2da503693e68de9717f0d88545ec0e6bc22,0.8909090909090909
5fc16f69973ffa1dafb98c41180aca397e2234bca46953c2761a4c223191c96f,0.8909090909090909
1c7410b2eaab91ea6a51aca86b9e9519529be389585861c34ff38860c9c7e3fc,0.8909090909090909
14ae11ac9274e548d569695f8386016ed3052a0399a8203152836e8654524e68,0.8909090909090909
5eda7adc296a7d3589a192dbefe083d9a370a4d666164a534ae8f25e2bbbc602,0.8909090909090909
81dae948265ecb3e1a736cbd469beb8ecf715a3ba2e93c7a38bfaa2a02c44dff,0.8909090909090909
010a9b724ebec40a2cf744e5d0fed4198764db8093b033f1d7431f61f15884d0,0.8909090909090909
1e2cc619373661372821833c158ceee4fee10c9b722edb8341a57053780041eb,0.8909090909090909
f55b2b85e3e13aaad02d865632515d0f9b16cd0df11497fabcf9fc8a7ddd60a5,0.8818181818181818
4efb4623c06b0c0bdfdeb9fa0eb00120f670a77ebd8cde417f490460b3875330,0.8818181818181818
85612a28c6c1ff807e4251f4454191ee2a4675f2ea9fc00dc340966ef9add7d5,0.8818181818181818
843fed6d9097d4706952c2719a6788abb3fb4bed2abfc27e553e82d74cf21400,0.8818181818181818
fc39f14d2270ea84b3d21187530e8c841fd17d214cdaab5671285959f9a5e02c,0.8818181818181818
fef21e1b8b9771118d2f843f6b22763b0e93ca1a08da14ecc5c549e771070224,0.8818181818181818
16d3a699d5b6362a1175ed89cc6ef882033f044008d73f9bfa9276a7fa5ecc69,0.8818181818181818
082740c08e8917056e3a91aaea78bb86721d8e88c39fab1da169a61607ba9bf5,0.8818181818181818
9567fddc6358f7bb0a40ba0cfdcccecc9e10e22e4e8c63f24c6f136099b87942,0.8818181818181818
772983e1bc95abca5fd3763a2c5a9cf640877807e78bbda530a45208d248c4fa,0.8818181818181818
9f9ccb6d784b67aae9c1f45bf55527843be9cc71b36f11de1589af10a19ffadb,0.8818181818181818
be70d272f96817db177f28016e7c6417b05e7169a4fe023b7d11ac732d195deb,0.8818181818181818
99ce820b74002c5619a828de25478b152cf4e2b0c273037a68bd8162787dcdf9,0.8818181818181818
a2ea40f91b970c7822413c2fd59fc003b6a667af92a8f1b2f355fbcc02700c58,0.8818181818181818
10e61c2dec0d6895ee598f49dcc7d548fc31d9f9169f099d928c15f92e854cb3,0.8818181818181818
7a041fdac84dfa5e2787ae6d470048f06f2bdf41938b870a56d72a658b6c45f2,0.8818181818181818
b8ee713274fb6ef524a663888b84f03305e192f2c3539a6ac5e01f09069ce715,0.8818181818181818
de8f66bb45772e3a11d556b7a4e986e642d5a06bbbdc7a5a0ba1ba857172acaa,0.8818181818181818
e3026f74ee46d434ece6ccbe72d276ce8a66ea90369e3c1f01d217aa7c3f7c7e,0.8818181818181818
6903b790e722cf28c7404a1f0ae17d0d1d9079bcfde1a8f1f0ad5db174dda3ce,0.8818181818181818
9cacc3a898b81b4078103ffdad788b35751126d0b0581b2544579df047794ac4,0.8818181818181818
fcdd6426cd1e484782e07cbba5067c7c46f243a2adedc9db9258d427106181db,0.8818181818181818
2a30da02811509768d1168728f3a6c2220e18c3d09f05989ba8c665dfbdf017a,0.8818181818181818
7678151e98f4113f197bbbc4cdace10ebb16a65c7616ce5647d5a4f77596fbca,0.8818181818181818
4e25e38c040cb2e334154faa8c077d6d2ef792d636e1fc1a24fdc9a6fb720e61,0.8727272727272727
bbf2e8c75ee97f8b967845f346fc65a42d2dfe4401b4250632db6001ada76023,0.8727272727272727
a9c3c4f6a835ab20a0250557999dc7fd520ea71969e1f7423158993bc2f264cf,0.8727272727272727
723182eac1124c7fe4affa3001e1170734fe0e2530ea08e3a39270abf6af43ce,0.8727272727272727
f3350ded89077f6141d5109cb21d5631b62f0c993f71dfc3a455ecdb9967103f,0.8727272727272727
8cd00d289e6c681080a525be902a8f9b2e3ed98bd356cdd6b3fadbf9c0879428,0.8727272727272727
6f75774c7e0d9d6979326292fc9a262b97cfbb4fe49e38404f9ae8b2cc5b7728,0.8727272727272727
e62c5386ce0849456cf61eeddea1960c2b14f48a403eb0efaf08bb5b6af45268,0.8727272727272727
400f21db608e0fa9eb9eb97d6cbc72be660d2c1a7df7d4c1cf650382c0258441,0.8727272727272727
b04d65a67b402dec8ebb891e93d7aa3e3bee11e3ca83fbc31d918ae4d2c968a2,0.8727272727272727
7a4162747f8e1887a49aaa523db337f2621baad2648a59d80c4cd41b61b543eb,0.8727272727272727
2370156aa098a9fb99d07b85a91332bb4177f0385c1976fb8be6c3fad82203f8,0.8727272727272727
d1a36830c6dce9dc8c4aefd5cdba6fa28a496ad1dc9686eb16f05a309d95468a,0.8727272727272727
3a7e95a970c1ba5df5f38dfa0a2307d9f4eabcb0890beddd52ce206c1f3eda10,0.8727272727272727
1454470ffdb7acea39599a5733b853feff225d00d023414c28fb584cac8f0d8f,0.8727272727272727
14bcf4e74d015ee97b08600103da727061179c37db4e27e6b464724900bb1ae0,0.8727272727272727
99f74ae8334cef189622a236e73a39117174341406677e68c04dd7f2d82c79c1,0.8727272727272727
68c19323a0067c9cd7c6d6a0039a8056a85c6dc92e23e7670d1c9c5c0d2789bb,0.8727272727272727
4047fd83cccae8a0ed59966787c3c25b292f67013a436f3aaa63d2114c0fc4be,0.8727272727272727
3fb181897178959dd07d2855e73a592af29752cb7bda547ec7bb21807eb08d0b,0.8727272727272727
573374218c7f23a93bd88834958fb210be6857792deadc3ef1e5a7d0bacc100e,0.8727272727272727
0946fa847e15c6ef58ae9766e4a71c303b621d150b26dece27607197f1b3af29,0.8727272727272727
b317e5cd9a3e9097a2b8e59740e591f11212d0017f72eccb4c9870c63baa2b37,0.8727272727272727
1f683132c3913f702c6b1505d427947d6337ee3b33d2696bc2b7efc2e7f5d141,0.8727272727272727
3514f7075bd159fea08c05c6c228f1346658b5ad9606f1dbbbd49ac53fe38cb9,0.8727272727272727
96cdc4f7b8fd7537618656e2897ce7c5db208b83b7ab20ec7210f413d3d6f3e8,0.8727272727272727
1aa04ab626cec6885b4ec289947643c7ca03386b61507440c23722709a11bfdc,0.8727272727272727
1ea15aefff0b930af9008d3997de8374136761a5c2a9d66998951eeaa52cc343,0.8636363636363636
5c075544884997b36f7e4ff779b9d45752b58eaf2e753a37ecd89f82d73b9be7,0.8636363636363636
856c47c7c256c92989d6374a45d1806056c4aa9f9c735a25fb5931bcbe16847d,0.8636363636363636
fd648b9531f89631bfdab9f224894c88ade1c47ac226352dc85dfaa9f4ffd57e,0.8636363636363636
d36978c297b7639f891ddc0e9a62b7d4ab2b331cde18ba88edd095a55a877114,0.8636363636363636
da68f34d7516504501eefff109ce7df831d5dc9f35952ae2cdb14a4fd3377890,0.8636363636363636
5d77ccef2fb9c9797dc2284947c6e1fa6a23a6db03f6b1a1b92cdc0553176999,0.8636363636363636
6081c1883360f3f5727a52eb0765d4d2b85212426b64868d8e8f1abce205e1d0,0.8636363636363636
444ee4c1c60ea634094fa38c4f5ca3e97ca9fcc0e14769669b9bcd7fc6b3a8f7,0.8636363636363636
8674336d327462ed8382841a2599d1848eb5477b7c48747d9884bee1f8a73d6f,0.8636363636363636
f0e8ac29750e864f25ea705197bfd47c7383afafe623eec57f782a857f7320c8,0.8636363636363636
d9fdb0b12fe49d370e821bda95858c9440a1d0829fa09f3d07be456a3b07b63d,0.8636363636363636
b0df4596e33949ceedc915cae233011f58c26d85b92a92cf333fe329288f59fd,0.8636363636363636
76a3d000ae7c4d8cbdfd9f846d3cbd0487e89459c59b0f1beb09e3ead96ae987,0.8636363636363636
adbfbf6754726352c8e049463be9458e144440b8bfc6323c2d58254cc854c640,0.8636363636363636
bbc4c75db9d3e727be8286d80573e0ae2f830d6364b691e7a525df7edecb3a3d,0.8636363636363636
d81f73b49fcebac3099cdd76f6b088597944a15da107efb14ed1727f78fb09de,0.8636363636363636
aadf7c4c91d0c009951cd256388d314eb26cedfdba6613a5611fdcbfe213b511,0.8636363636363636
28de15f3f5c530e8d65fe9223054fc692a058e1ab2c6a1586f8c597635ce8523,0.8636363636363636
77df3cdb7016bca3b49a84e7982367a668286915de93f906f410b2d118e635c8,0.8636363636363636
aaee04e21627aa3d9a1c3cd827e9451137ed51d02cf2d83c3b30c603c0d52701,0.8636363636363636
67acd0dcbc4b99c8ca5f5f4b2cc007a476506ec7969f6204c2789705d89853e1,0.8636363636363636
816811a747509d79035d9a52f88599c10c40ccaf13d17f6ecdab78269110d6ed,0.8545454545454545
916f51b2687120327af63fa2aabbca37668d38b3f4c858ca5e724e890075e8eb,0.8545454545454545
ad21b46e089b496660906d75330c76a300de182f58059e83804f8f9f328e96e4,0.8545454545454545
f805fb679d32aa08a257f8f6de9c616687a8d7df5479b5dacd1e76f4c2e9d2a8,0.8545454545454545
57a9e5cd36e16c1bf192ce453f89c4d6510d6b2d2d1191e5ab42467e694e66df,0.8545454545454545
aebb1ba6b5b87652676e09484c823ee249fb0be1fc9bf3a1a12b7b99e17b298d,0.8545454545454545
81a1eafb92fc1fcdadd11ccde548577e96ba92910f72aa7e55dbe5980e7ae924,0.8545454545454545
a3e92ebf84b58aaa2ffdcc358a2a024d77675928d564bced6bcdba1869565016,0.8545454545454545
70d5e5e33582c76b1c06f5dfd0c375834617d06ad0d80401c945dde89e72d084,0.8545454545454545
8d68ebfe59ea3d4b3ca045c4cfb6e81bb74e6b6418e67b09bc67979e7a4066aa,0.8545454545454545
8fe765e5c4d56b2064f6a65a50404d61cbc3e105fa1b5c12b8256766b04f986b,0.8545454545454545
ab64b6488f3c817cea42f77d86025ab1f22cd05fe30fbca334f33ebd430ce3ac,0.8545454545454545
ede0e546398e6e98455ae16d2c22376b4552cf8257b69e36e096cc800768ac58,0.8545454545454545
863b6e6a13cb10e9fa635c7b1ee0ecf9d1b4981efca01c05401b47247e3ca798,0.8545454545454545
f419ea692f28abc925becc083e329b3dee41a9ad6649b1503095973e4247499d,0.8545454545454545
98d27f861b6346ff149b606cad34ef3b9732ec1f79e99d164f27836ea9d58fc6,0.8545454545454545
2092640ce0e5ad6053870e205e11b805cfa632d202038f25f9feef055ea70ee5,0.8545454545454545
77f0e851859d35cbe6288587d8353aa4730649872741aeb53f62fa397830abdc,0.8545454545454545
4a2abdb52879026cb6b87b510d51bcc838e3fd64036a756913ea4549d38b77aa,0.8545454545454545
381bf07c46a39c26bc5d5a3407175ae34ba6baca2fbf74f1feef7004b31509a6,0.8545454545454545
77bd90e54eb72e7232bc093429ac3c331a65b708c39c48d27ad205f4597d0086,0.8545454545454545
ff6a7faa0a984d712ea82ad0cf12fe648639c1fead179e7f8c597bfea56ff5f2,0.8545454545454545
06a8fa862c64067fcc7fe788979ddc377e28c28f3216993e34e969b091fc0598,0.8545454545454545
2fa085dcf0f8759fa4ef0e31c6ce9d9479c0548e3993c6b2577c1027a1bdb93b,0.8454545454545455
feba55766940a17e03ce86e16bebda253627b845ff5911eafff53aa45e1a7ab8,0.8454545454545455
7d9e46006189768e6bcbc4b4fa0bad0600712ccfdbcc3f227b702c1e64b658ef,0.8454545454545455
595338d6124eeed595b142e0a03e4b4c39e0d6eef93f37b306f04c165e627c8b,0.8454545454545455
4139293dc8dd3e9e81c5e8727946d1e415fe1299a7d743da70f7141ba3293bdc,0.8454545454545455
84ce4b48062015e59f228d3d6e33139432a8166b7e0598276ff31d828f7c9a6f,0.8454545454545455
cb24460c4cce92b4278545c15f81803c64ffef5a2afff95e6d1c56537b1e559c,0.8454545454545455
9a9d5292d07e99d3d4ef1c4944a8db9378c1ce5362a7410dd220582708f76794,0.8454545454545455
6ea57a42aa33db3538e1c8ba72b2250a1480a7d592e3346c301f3ee2f9d6d13b,0.8454545454545455
b0306caf50ef2be53e242f7dec017159e5a12d4f1c944ae7c9b89bff8d71e1c2,0.8454545454545455
b0711df89329c1606f742c0109fed3701d92b201e04ebba82a872bfabe45d929,0.8454545454545455
0ed5f84f1b115299310b682bec5ab8d2b07c386c289db4e3b6db65c6c1e47646,0.8454545454545455
3b0d0044396a8af562dab3f766d161efbd64b74d11e84a3f6234f4705e904992,0.8454545454545455
f5c63cd4b5e57c3032c1bb9437aa5212f1f1912fc3b90b054811a99cf2d4b34f,0.8454545454545455
cfc1a5745a78c1145485bde067a7a0c9a2dc65edb2bc6a838180d909f4553788,0.8454545454545455
085eaf2b8e49c9a7641dd7878ada942f897a9bee878b2e6c4ab4e0288475794c,0.8454545454545455
b74c8cda4e99dfddaf1487d4967d41b6c42f07b4a7499db7ae3f03244ce9941c,0.8454545454545455
698043d49c47ec7c6cfd11b7ad35a79824d48416803c4c95ef7ce0279325077f,0.8363636363636363
ce9053feeeb750f416e097f4e68e22de72b8a35177b1bf667a7002c6d24bcbc5,0.8363636363636363
ae9e06e8e92c23a907da8e18d43d506a5cb7379a7ee796fe90cf9ae508b4b370,0.8363636363636363
6f1f689948c6ac965f0eb631e3cbd7660b96e8bfc4c2d376975749fd4e2dce58,0.8363636363636363
9f1712c7f4f01a09bee7f2d4c3a8f1ff82907a406793daa5bfd645f103ee5509,0.8363636363636363
aa21543048ba81c82af5869462b4f5119644064d1bb70527c0288ffd48ff9894,0.8363636363636363
1251dc53e3b77b0cc105c6535a04685d4e8cbef63923bdff0242f0bd9cc51501,0.8363636363636363
e6c23c353f563fc70b7d3e4f78d7eb438b4efe79c4b6de9e4fd4575eea98c0f3,0.8363636363636363
92c7e9d32790cba2c4ad3c7bb527da88edabc1fe0ab2a42a3e0f8ffc95020653,0.8363636363636363
dc43528da1018045c562f0fd8e994218662d0c14c623970a5a469e94897e2e92,0.8363636363636363
bba833a1c3f364a592f1e88579847da2599a261a7c64847da30c88f4c75a3d32,0.8363636363636363
f24bd298b77ed47966e6c75c80f8a695b96f66b49d4e4a73e3c265a6622dc6bd,0.8272727272727273
b8df29db519af50d51cf825bb0aba07ca4c9a407d0c211c49e8926362d087f58,0.8272727272727273
bf29cfe3b5a8fbde52aa46a4167700d4fe4eaa2e6d80a063b9df629f3d3a3b4a,0.8272727272727273
32e7cec235724926ede56d181e06e47a48b9f42783b6e2ac470fa6684dc60ef6,0.8272727272727273
76e6ed10d836f9ea92f4e21bc0bcc2bcdcb054d36ee9063735f472203dd40f6d,0.8272727272727273
3095b5a0879a64ea474ddda32d3c01d75554daa8127bf10dbaeb5306822589af,0.8272727272727273
4361f38b36302831cbe368092a09330f17fa6413b667094d7e5d9288cef37eb4,0.8272727272727273
337cec623b518bbebdc02038802fddf1d6fe97d995bbb3fb11bd4eabe4c79cae,0.8272727272727273
0f0d911ecc95eed80a48b4f9e2b9f9775e96c05caee664ae055faa5377bfde65,0.8272727272727273
b6cc65165bfb6d4e3dce92e4e82eb351360c7daa7eb7addf667f945b2d9c55a9,0.8272727272727273
e594615023d442eff36a208b9142c3020b054903d9b26b7795a3a7a434560272,0.8272727272727273
728d323daaa645f463e849e71bc30ae4230d5e28459cfc012f2b0142914cb979,0.8272727272727273
93df9eb8dc403c23d0e8b8ba226f5bb831a5e056c5be95a13c98230f8037f100,0.8272727272727273
464b98002fb41d92292a52a2ac58d83a1e04166cd9b16776e59139be5043fd85,0.8272727272727273
25debcf06327195c890cd267f44c3c7a3f51e48589fd5c7196761aa0f55bc578,0.8272727272727273
7bf13c8c0f659d3deee17b1dafb064fb1cd00567a4e8f231cb5aeb6325f29b2e,0.8181818181818182
589657f03ed74f302572f00a06792cafa9d95626f53d802a0d4aada09afaa864,0.8181818181818182
2ab152b8560eda08fe46f6fc7ded54e80aea4507642db586510ccb25a927bc44,0.8181818181818182
8c108711f7eed7953c427884f16983bba7f89cc500ba8dbc559daeb820830782,0.8181818181818182
d840aa45a8e251c45b34f4fd97c1dadb6da34a30248eef3e171cf10ba29f9b19,0.8181818181818182
fa9d25352d8aac58b8949eb3b8e015cf0330e8dd1daeaf7399e801c2f3d49ff2,0.8181818181818182
2932b421e17299964d4dfc21a558226abe1573b6115ed20d029ffbc2a5fd3954,0.8181818181818182
da8bb37572f63c337e44be282cf5bccfe2a68411ff38bf76eee2a3fff9901ea3,0.8181818181818182
06f3490e2aa5caa33700095798c7bca3708731bbc42f8b4aa6bc65a15ac417cc,0.8181818181818182
6184ea6b27c9a4fe93fecae47eecaf1ec8afd2921252249b0a84cec37c137eca,0.8181818181818182
a99b0413d52c9ae71fc57d688280175dc625745d6f26d46b7b20cf5b397db618,0.8090909090909091
24484b789725e1687e4f762d2df8a3c2e120071c7aa9abfae4e503c5956109f8,0.8090909090909091
7de1743c7ed76964be2ae6ae429aac23393dd3e30de4298cd8986b04c393a195,0.8090909090909091
c37958aabe99271f6b40d4bf6f53cdfb6cb777f3168c887fcdfed1f429cd94cc,0.8090909090909091
6e4415d7bdd24fa6ab2296195d64489f832909616f90e2fd16e5c2f4f0062c20,0.8090909090909091
a6d613dc3e0ece7b9337e4ae6a080131064c1975b7831288a4ca3cb471d09cc8,0.8090909090909091
a9b0b36e48e422fbe2b6823affc7967f8b3f3ceb238853d8081389c77d08d3e1,0.8090909090909091
79adfeffb133136d407fe40736e7f011c81987a58903b4234d0c616cd639f4c0,0.8090909090909091
552ab49ff1fc6e583ad1fb118b69a0d5e006981b0802254b3d37ba8393df0426,0.8090909090909091
732dd9e3f4219be78525746f91a3e414bd9a3951d211cedf4f3c380582b2f057,0.8090909090909091
1967a191953bad3af8ffa1446c63edcce71bebd1492be0760aa3118b7aec420f,0.8090909090909091
34d8af18afb1c801f5d2079e03f6b7cba52f5ec5fbfefd13f10f60e30df9324b,0.8090909090909091
d7e218fbaf6996b1f347d9ca2c253e4d92c9e2190040b8318478622d0afd601c,0.8090909090909091
e0696d9b476630ef40dea1d4ab287cc428db271e3aa89af37dd4d80c3b5a533c,0.8090909090909091
874edc3770468e023f58150b7013d43b616653487d5e1fd02a0ddd883a56d735,0.8090909090909091
7237ed31df5c4404145ba622a623a698fc4d396f264258cca2996100db909cbc,0.8090909090909091
4e607295a5a728c4bc62e3c4f5058983d32bca88e4a11041e936281cb496b140,0.8090909090909091
54fdb327b345640cf530fbf506809806c0d645c5f29b5338ac95f31896b3df1c,0.8090909090909091
fe36eefc29abbbfc1f7eb67fa800d1ee87b281c0db9437bc4aea1617d2a8e0e6,0.8
ab9623cbe07a4c2c8b485e5dd1297703e6f17eb86294c5f65357e6a522324bf3,0.8
5fe775638e78321d2fef5710e664c511f0b183564747b841e1bcc168a79bfd4e,0.8
d27c815e7880827e4b96fb5c8729a0fc403c55b2f64b3d67363ec947d3257b1f,0.8
e1a95267b24145c584be89a36ffef7a8dcd2cecf186c7af1ce8a40cdc0b9db42,0.8
0d37e8ee3496263bb14464797d2fbab7be6e0e41798d028643b6886c96f1544b,0.8
81ba2a7508b42584fe6562dbb727fb482567c111bc28eaa4ec98f2742b187654,0.8
9716c6ca58894a485988ec91fc084b56859bd7f685ead0f5f539c466beb0e51c,0.8
eb6645696dcce5730d329178183034a421f0cee8ee198ddcd9fa35d71d411e36,0.8
057e9c299efef7a94f487ab0cf2ccdbc53263822f7d6bd2a6160350885c1848a,0.8
43775820c38dc4f3ff7de776aef2b6b53577d7083021c048483258e50bbb20af,0.8
c65305cd87f54de2569f03a42dd1f50a9c9519fad44124ca76975b2e1f156a14,0.8
fbe2a29c95dccca94df3f54e724db0f330aedc7d48d7df7c47a8219641d8fba8,0.8
5805e77f640f38d8152530b3753d56869eee54b80e9807b2032c2ebd27226c23,0.8
5b169e5db817544407b0ef52c69811bdb6690dbc3def0893e393d2a9c55d7ed7,0.8
f6d9a1d46f13a9b62dae187b97f420616faecf38d7062ba732fe9e82176a377e,0.8
4e88200936651a293985d0d9ab19b9d53f85f36265e3814f670d24c0f7522c27,0.8
a0ce528caab2c62497a548d0ebd9e935143ef81ed7dbf074dcd7e0c7dd50ae11,0.8
fed3d6f294f2a9f5c5226fbcab0a9c4f0fc4ab15d1d17372d0e8e38b83f5533d,0.8
6032730477630db3207c378ecfbbffa2ad454d32bc147b7c18b5612a8b8aaa28,0.8
