,id,prob
693,764fc9ec27b98bb89b270e37b45af196760f28f9b98db55654ce2bdd63978d00,0.409
654,6633ed8a9d1f1ae5ad0927633bd5d37efa95759147c42c241fe5e8746096874d,0.4
264,2ab152b8560eda08fe46f6fc7ded54e80aea4507642db586510ccb25a927bc44,0.395
198,c8b5ccb030ad0e27a5cbc0c6130f8240e0eebfc64e6de11b169ac2c2223ce739,0.389
740,0a7b28fc55ad61995cd006ca213a33f648c91189dbf4b4422dcf52b3d7b95bf9,0.382
493,9dd8352033e162760e2e18eb8add101c70b56f760472432a77c3aac0264ee798,0.377
672,07f76283ed177713c5dcb561733c1811a09a6238d8d71f1f32f3d4bb4c20c884,0.376
286,5cc950a787b2928eda5ee5d3d621b6778d47c50055cdc757a6cec96b0a083d5a,0.369
27,605318fb1b7f2e63d2e7fdbac77f2069b7411d914ca9b52c7332a853580d4352,0.366
763,ecd20b2c1347d9b93417c543ef0e4b36ca220fb29e1b494b4144afd338c199fd,0.365
666,4cb5499205ee33b6804d5a62a5fedf2846d45b7783087deb8e772d74e434ec81,0.36
319,931008de17675b8089f461b1adb94b298b6eaeea98c5235d87ca3863547566b4,0.351
402,30e778bf8481db724ce7e014fdd259fe0fd316eda42f0175205a4db3a8b722f6,0.349
673,ce3465f8b7b9dae28feb4ee51997b3f1644993eb8defd962a5b7489cfad2cb65,0.348
269,119c184e9451b0d8c0f87b4eab492ad03a8de44d97e0b0f13d1e16ee052f9a77,0.345
91,8f47b3fb07c1afaf5835b0c0cde0a22b2549f0fd510fed1284b388c6e47bc54c,0.344
802,76474a7ddc6b52aad04e84553ddb856c774ddc465804aebc957f5aac280b2987,0.337
575,519280a8945215e8a17fca1d23b44c126081ff6eff257982b264f86c105d6572,0.337
558,82b6b8fea88ae9bf58117222cb1ab9e455c0f519cb1ba530974e23d878185b7c,0.33
124,990ebc9d0023bbf7f8e6c819e4cdf0ecb11ea2a0c116eac1c15c535166e10262,0.33
798,2e773380e232a56f7ddcf8dadb6f03e1936d65daa37e4fb26505bb6cba584c1a,0.327
663,948fb70ff774abd93d70908e647265283d7ea632cec8f54d18e7650f18671a56,0.323
815,6600c761c4de3dc6d1b45af7b450bd3f2a93259855d74ef456c40df47c00423a,0.322
41,dcdabcef5d815e5e6e5bab3a553811d1ad9e628d61e91d3cbbbf0f95afe7ad1b,0.321
688,07bd53fb8c749ff144f2186d49363997127ed28f97c5ddc64473384677dcd633,0.32
431,4b437c9a0655c43c7ed1750e1549b4e352c7ac5d838d05e2dec937ac0ae8981c,0.32
115,e30631d6b7712f94648195db37baa86d6b93a0fa8c68176d3530ee098c531468,0.32
532,ff119ec9ccaa24dc9518701532cd4f6217e0713111880fe10df081d283bfdcc6,0.32
32,c406043196fbed5bc045eafa2099290b8b3c65398b95b7caec73743f1b65e31b,0.316
31,aee1f30d5c77b36c5ca8a19e7d697dab6eb22f008823e62ac131bb64fe952b2f,0.315
19,42938675021df78101f83d734015bbc5396766570771bb65f05df6cce3d13814,0.314
522,83ff1cad31d150ea6673dd7ce897ec80980871ad59a6d008c6da9afd86010ff6,0.313
734,34cceafc91dd995076b30db885079ee04e6064437c134577ef2191b2dbf0c455,0.312
101,77ee7fda62aab2b66c5e4e39f68be5ee504ea196c491479de38da9f35eb49d9a,0.311
363,328f2895c10acb688bd668b27e5ec8fc4672b9017a4bbacc4b87ada13fa6d562,0.311
247,94c26adb4a5877e214e64edecdfc2598d403d5280b4ce3a9cc8c681dd8ca40e2,0.309
544,6ba5842c822c26ea4dadbc3726d15a32b980df3f07c07c763f1adad59267f0f2,0.308
117,5317b65902700f9566ceb9e4b4f5ed1fa0098f805052f6cbd53bd35dd52698a0,0.308
70,d7dab3cb8959d1cad3be7bf0d039535aa21923a6f48e94040a566c12bd6e508f,0.307
741,a5ccacab3f6731b8745cd6f3a9f9c29c8309883d2b75c7675feab53f1af30d8d,0.307
436,7698fb4775b3dc39a1750b2df07842d4b3decb2d5bde353dc9c04564931ca832,0.306
58,7c00780b2c4a61f379f71fdcb61ea29e662a0e7ae861c7450068aa0dc00ad022,0.306
662,e0e1468a55d3ef9cd2c27e1ef623a2f0a73fe505e4f1afa355b36980485ee0f7,0.306
301,b5a7fb3106c47ef4cdfaed8bf2f957c952c86283640ab5da02fb82523b0f2d73,0.305
822,3430b51f05a0880957b476164f6ab9c7d2522ed8d54e4f53c1a22066b758a34d,0.304
96,d039506a9af446f69f3c8af41ce08b5e6aec95f89a40efa1f8c411fd34d7076f,0.303
123,5f0a2603c2ff6180475773cd6670d7e85296b2a9687c29eaaebcc2204f338c5a,0.303
373,825dd0f82c9a76a76e6858813c1bb1dc3ddd4720b914d1343b410fca65e96cfb,0.301
634,99ecb57987e65568bdbf60e9dbf11856dee3a213ef42c0f0a821b7d9ece17f4f,0.3
725,6ffd74458f80b3e425113f4f126ae9a35f4a60f5ff02e9f5302e9f750e8be2f3,0.299
879,06484ac1093f9be961b93780a96bcecc24a5318bd1eb72ae08537f7490b1346b,0.298
876,0139e194ea0a5d43044d1e94e9429de1e8d722a7d0d04a2aab5a2d5eabd1661d,0.297
560,65cffcc3290c73ccb8a25def1ffdc8b64d17870454fb7964e15e598df77ec0c4,0.297
223,0f1e74d0aff09c6a12b48e5e3e5730dcbf3506438efa2a545af13efc0310beaf,0.297
414,824dfef51042cc47a13b79f86eac0e5f2a331997ca9b7e0f3d7578bc0d53fd19,0.297
674,64d412acdf5f88576949d2ba2afe2c365e23a7ea97a70663c02b1ed9b415781f,0.297
351,6f88c5471a1c8452846acfa423b00af875b6316876dfddddc5964e76e6488b58,0.297
719,d7e218fbaf6996b1f347d9ca2c253e4d92c9e2190040b8318478622d0afd601c,0.296
77,2592aa418f8924fc49110394516ace413600949c58f4f95e7facd259759fb169,0.295
222,00be946fe734ae93ec6486bf4d55120fe11fd574e18b2d803699b4009300d562,0.293
580,1cbb2363e1879620a3341ca39f5baf62012fa5c8a11a2301b9bcfddcd00031b5,0.293
285,94789b257d117db2d42c71c074a970b4fc6088587585ea52238344530b7ddbcc,0.293
35,afcf826bfd76e42b891be6546e4cd2d938907cc12d01587e415475c11a952486,0.292
407,13f1a33544e4997487f855d7c2e3bdab7d852bee3879e44eecc3eddb03c4e555,0.292
553,fc2adcf09a97fa7a937300fc58780a8f25e359472f663947bd107488a1f331fe,0.291
509,b2e921fbe68986746db3801a9ac74686321a4522f11c69096171b9eaccf61950,0.291
869,b6966d868fb7976f993aca02fb667c9ae8f5ebf4d2e033182d67d119a6a3db13,0.291
853,e8e24acdb7a92ab41abe76b1f30152e7354862077b710ec27725342afdbb3daf,0.291
50,c95a0b1e2f396e63814da58da7c62a5b592d2beee1fe4294b829557cb186ee4a,0.29
795,f50a4dc323d45ae8e14355309c9d9986d92041673dfddcfd88a1aa164bd5f7b5,0.29
451,3329e69bea2379f1cfb431e665c1846cfba8510f256ed2718008629c1767a484,0.29
803,03db1b36296ff895e6494a04d94795b247a78301dec8c0559bed9924436cc058,0.29
288,9a38c9d07690ca882fddcf1e3086d97916df3f3227b84d2f37c9521bbc6c253c,0.29
581,9105a4f666e8cae53aa2065d9dddf0faa6a4a97137cc21fe43d37fd72b787a6a,0.288
295,266b03338bb28984eeea024c6d4376fffa69a89baddafd2344cd6b5929d1bd15,0.288
60,131b67c9c3a9f39e13a5767347b03a938bd6b667bfac327bde258603da70bcbd,0.287
855,0eb677696464ab30e7c9fcc447d1eeb92dab5058d626c16c4aead14bbbdfbb81,0.286
489,f6df36316054d5e133ef848953b614400054b646f274c4a42dd320f569990873,0.286
538,a4e6439cf861e956fc40d7e542afde83c5cdab9af3ae85926ddc485ce1050412,0.285
617,62a0eed83b664e3da37aa36cdeb283a30fe0e16f476ed32b849c8ea4664bc0bf,0.285
265,b68985caa997138895ac14bb24aa895386e10884edb873a61b0e330cdb4d1434,0.283
599,bceef76b1953360044813a0bee5512035fc188da07dcdd19b18c517bf37fb784,0.283
621,4938dd42c686a63a4e50c0ab0c2c07979f6070e0685def72dfc07539966a7637,0.282
120,1726c8acf891c79a5b1c7e49b08509ed507789d2bd81eb1d3e9780b94e19989e,0.282
326,205e0016314263d829d798bd3a08084a3e8b230626b956036ccf617de39e5c2a,0.28
604,c500daf650737d0fa3a77d1a06cad787ccb5d06fe658eea2a2a3f7bfaca9cf8f,0.279
520,ab12a583125d491c6d922e70a93b492403a8059be6d3672d329ad18f36695799,0.277
307,aebb1ba6b5b87652676e09484c823ee249fb0be1fc9bf3a1a12b7b99e17b298d,0.276
552,e37e58bde9c8443f891c80bb682e90f66778ee427d9694de0d334bf718983f86,0.276
706,efc39f042e0cd53e9e70ef33f536bfdeef9bc8fb886fe8437b49575330a55907,0.275
359,6a9337c3749c0e6eaeacf3e84f67768b847ca375a35cbce7e32e5734c3d946f0,0.275
710,6a583074ba12de906a0765951ef3d8f25a40fd2740e0c32f1f5231d4e61fb038,0.275
626,41caa30c69f45b929af8333796bdf51bd09039c8ba7cb6f448f9aa28585409dc,0.275
491,4e1a5bf17a047845736729bf15fde1b4f67d50fef30d2e72ddb386a063cece0b,0.274
467,94d425e041154bd2a0123fbca1e305b8a030ff5cc3ca808688f2dcc6c519757e,0.274
537,fbedb5e821c0638e5f46706343c02e04210395400ab5dce2438ceee3185862ba,0.274
459,5e608641dc89bb28924ac56130814500baec69c3700e1ad2a7083d3e90c39ef1,0.273
571,7978ce7a9da295e15168df91eddaa08797753ad970df2d22e7d11c5205701a31,0.273
189,77448dad6e39ab8d5ec8a65c3d830e069952f3dd1e793eb4571981d5c8a079e1,0.273
80,65cabed15d2aa64b2ea50b3c0bea8f731e47757380260dc19dccf9074bfa2a04,0.273
337,5c73dbc032fdb11eb8bbcfb83fe7b8d060f2e3a094593b3aef36a4833eafc504,0.273
692,30615301ea81ff2e4cef1e1465616687dfae869a38a8b878507df7981f593552,0.273
167,e670e1694d7cd2f70f4ae9605faaace2297fedce63a9e29308ac7a3a0e91b305,0.273
862,9de3c94c8510737fc9670b3ae8144b8a75a69fd21654ccc768ae638f5c703a72,0.273
194,dc43528da1018045c562f0fd8e994218662d0c14c623970a5a469e94897e2e92,0.272
254,6d326dea31b028c4b04bfdabfdb72cd72bd1277a92be5a15b0a7453e761d6912,0.272
454,534872e9cd766c6673df9f06af49292e5854c62ddbf837e4249b5670d4b18d66,0.271
512,51809151a4148509bff5780ecaa48f77a8a840c1b733faea03d41e871bd14fd0,0.27
796,56a229618dec359e2d8d324803433c6eebb90e25b32a6d6172eec2e6f1f75597,0.27
501,050230d2e5b5c06d3f76d65fdad4111395c700c652b7f2a85a6eeecfc1d9340c,0.27
145,d06639ff1d28dce5353c17592c8377115ce769a4ecbbc8c454a970a3374901db,0.269
209,12926b2bd9a824c9f51bbc0e2ecbb0ba2b9f8c3315cbeacfebd75762610bdb57,0.269
745,87fd65e4ba219b3eac6b631b0635a2cb770cf97d2e7a596e863c35d0d7465e3a,0.269
282,09832d3c0f37e6a49dacdb4ef5b6e2d23c8b2d096136efb01becf37f2bf86ea7,0.269
331,1a1baa46358b4ecd242d58d7ee0866566af6759ae1f0f651fcce02884c3f8c82,0.268
192,ca9aa733c46a0d6044ab821c6813fc92fdb9e5713891e44de73b7a5e69e0e3cf,0.268
23,71e0685d247ee21dbf6d0ae6ae1915e1defbc47e4715fa84fde9196f25ee4c20,0.268
813,259af9bd00036fdf763dbdd8cfbd88b623ebac2707c85880e2336a3ac78baa4e,0.268
180,94882fcd564398db3442997c4a39466fbf333671e499c8455d90762590dabeb5,0.268
811,c00eb68b6949e2655d6f3457d298a16bd128522a1b9737da3c42c8c51a3f80c6,0.267
99,2421636d5d7ad8674133f47e0f7351713eea9ed94d552955138a154cc5df4c66,0.266
564,b7f78077f1132e0407c315fde655735ba53b82d7be8792ec40a73cf7c5b34977,0.265
216,d7c7b0bc3b4e341fa30f773a68093837652f4e5f11d74a03a361fcf03a9e0eb7,0.265
614,f16581d5e4c2efc8206316e25f46ff6494d3a3bd668945546ea5a6f63bac7140,0.265
134,0183eebefc7583c75e059fbbda6cf673928c47a22423d92a4fcf00d89f44f48d,0.264
648,5f41b790cf1d21e5d309a7bab326c8870abc79e68a66fa1120b4538fdd60eb3b,0.264
24,271e72296dbe6f976aed9d62aa5a843c28da23b35e5020d5a921915cf38d68a4,0.263
221,1d9ed5c5dee64b50f4381e28b054d73e5581e2c0acb964258995646fb3bf596f,0.263
131,772cf5009c96ca6ffed23d0b24daf64b9e0bfda728405c879731bf79450923de,0.262
68,3ca5bd8c5d273c441690eeaebe0d20001b5de022d092868f6df16fd649f4d52d,0.262
126,330181fa11ee438560b414ab09331b0c235755f9a51b0ba53b6b814710c0c983,0.261
437,36d9f0d074d6b0596156c619790b20b0775b3c36eaf690f8194d4a223474987a,0.261
665,cfec7a12451ae9dad9794f58e46582507a0555612a3a17a8b68d741368c0c017,0.261
833,96992ee633e8a0262fe38f2dfde94fb20c0bb08209e61dd3cbd6d9678601f028,0.26
335,df95b7f3ad63d35f1be8c9ef2c2aa74e40f230317eed5efa816563340a7ee53f,0.26
598,efb493acccee630ac0c6ac86031e47d040a329f9810e7fd7d7ab5e4d0a393a4e,0.259
370,19b9e6d5c72a87e990201dfa08f9f6dfa467b75a021db8ccd87370f7b824186e,0.259
871,6c968a9ccdf990546dc4013698a262d116812d1d0f7205a791c104dbf2967b77,0.259
63,34d8af18afb1c801f5d2079e03f6b7cba52f5ec5fbfefd13f10f60e30df9324b,0.259
524,0768414d9b2ba28964965bb7587f0dca5b3c54cbac8e9f6ad2ff54dfa244bfe1,0.259
443,2311d808275652ef5f044cb9fc3c59d0901ea31554b0d06b6cb6ac9b983d4517,0.258
302,19c4041bf1ccbc15ecbf77f2f3b99710614f6cc901d62f24930431fe156b2ee9,0.257
305,a9b0b36e48e422fbe2b6823affc7967f8b3f3ceb238853d8081389c77d08d3e1,0.257
155,aca64f92110987976d1fe830ad3987366dd83d66cac7874c303a6f46acd04974,0.257
739,9326a6ac1154a817e4675665c94760c7f954bd28e76d2be92b660ced78e53385,0.257
98,08620ea308eb7bf0207cdd28de4aece5d82becd952b2e3bcecf06fd0e1c24d66,0.257
682,14bcf4e74d015ee97b08600103da727061179c37db4e27e6b464724900bb1ae0,0.257
352,1023f0f4bed44738ab626a209fb533761f0509099776d8b651201ead61e754bb,0.256
358,8ff004e3a8994814c2d1f7e548712537445495fd15dae66d357201d90d38cb95,0.256
827,cb0d5e7bfea0012b825e003614cc77d2be45e9fbff4dfdc8b8195fd662aa116d,0.256
208,8a5957d4ad2c2db34dde7f0a8218a4f938434d471759507fdc1fbe9dffae61bc,0.255
394,3eca591df64443bc13fca831d09f5b8100ea0f77f98f7f95464ffc1bb443a389,0.255
659,7bb42a079182a47c280c1028f6c5e128959130011fa817f5568de624fc2cc26e,0.255
236,76a17a86721cd15cd9cfd6a37c4dcdcbfc43ff2798cd3d7e08598f3fa7c5bbb6,0.254
499,b4be6594b0269e27d1aab5885b6260f684f0c4cad59556a1b5ace86cbd5c669a,0.254
638,3cb421b107b56ecc663b02b2d9cc7ded0d24854ad20889963c2c08f4425c9656,0.254
240,0a0a485c741edf79af5c3ccff9aa16617ac20762a491af80160b2e3ff63bb07b,0.254
54,e8c1fa4bf795e887bfe481b115eb49f407f9b0c67583b98e506de494c1c39481,0.254
685,ab64b6488f3c817cea42f77d86025ab1f22cd05fe30fbca334f33ebd430ce3ac,0.254
540,20cd1ea48a3a05ff516e0fd7f7e3087588fded55209967d2c896b5e32450389e,0.254
128,c24a6187673df4395d38fb1f16dce0f396db160d208b1d8cd5caf5c023fd1c69,0.254
603,e2e18a88b75310244d0143d3015435344f48ec2162c138b1be1c0e272746a69d,0.254
422,c0a9899c347e78c80f9afbd1d5a115347fb092a03d072f92c1700982de6f2f7b,0.252
421,ed84d9457ccc910aea7f30e66b68fdbdc9463cb95c4492304f3b874272983fbf,0.251
743,2f71f74e51a461faa11a939489843c4fe30ba14a8ed46b5af660c0d71bc81530,0.251
89,deb819432117de19126f24b04e9833747afccabab1c420d8f6b1b5e0d044cb19,0.251
738,5ba766b4306c31e769254bafb867dd8b707a4a1b3b6c4fe625ee90bc3cb93244,0.251
521,203e9dbc36dec73ed09bac983cadbe04883d1ddecfcaeae50e4d29ccb02a6055,0.251
773,4fd263c584fbfc7ba7c712fa0931a8d7c56c126295f832021d7ac52a8e886e3c,0.25
210,3a03cd6d32626514d7d413c6229ae3aa3b3ff6462d509e928f7fb6bb432c0aa8,0.25
718,322a226f6f7b65af308b081a34d823305215544dbcd3d5b73febf91ff3e1665f,0.249
676,634cb7f2ee28a473333226e251624dd97c2fe9fb7ae93d9ae867b8546e518d8c,0.249
518,ace9d10d647a4a41417a619298e0c5497784ba36da312bdf2320d42d5fc72c5e,0.249
658,bf7cb09c6f9fb560d31d407d6ab2503a73a4f01f9e88d45cd36fdf71096479ac,0.249
166,c56a5f23aa60e4b7bbc6c5de9b53f73b1710e4acb62d059308f8ac1dfaf33fa4,0.248
327,180ad7c11800cfdd236a740e340202bfa4b371ae5919440a671d7b8f91611041,0.248
263,e98eab37439ee4d1e12f17ba9399bf818229d0e1081958378648f24222ece09a,0.248
340,587532b881578804158b4d536a0c2e877edce82180aff4c615412d8574572bbb,0.246
661,ec193991593dd4b56046ea53f7425c983da64d46e482ae32ba964fd8807607ad,0.246
750,4db3114a4f39babd5fcceb9a99b7f872ad579782cc249c40840d6afa3bd729b9,0.245
281,26f06243364a15222b0d36c8a3468772841a2b21efdb6f85047a98110abba65b,0.245
79,9e3a8e5ab3090d3f8efa7b028f9279083576055ee335c679c65dbd83bf1ee20f,0.245
246,bd4704d9ef2a60185188301250aa4b387ae21a0d010b41bc5bb6a76a4e750e1d,0.245
116,78324927c137e283c59c7ab3b6f1ad5254b26028ba5878634d9b9a59deb1aaac,0.245
547,2570b977bb7d54b37eb5e5f168c22d0b8539f16d8af02b35cd6768c48ec11600,0.245
367,a471aa2d4aa3c9f3ac86bcc719e12b4277631d9a699a3143b01b8d59c182ca9d,0.244
314,4e9dd903d38e5c21c4ec39b91848bd1ac6ed1490d751e3c08d773b471a3d1898,0.244
141,82c8cd6fe98c03487d685eb4c9604f57485ea11b0b163bdbc1f53a63fcd98925,0.244
416,f3350ded89077f6141d5109cb21d5631b62f0c993f71dfc3a455ecdb9967103f,0.244
49,d83e65df3ebb74957c5f30e9bf7a965862a8e1ff90dc29cd41cfd7c9a9dbe170,0.243
230,578958f29cbd25ebdc6abc09560f98d816c3236cffe065095445e464a35b1096,0.243
348,b17ce26145ad9d23ff1d47d36eb60cdd58ac73d75143685b7fbcfa5066f54e0a,0.243
519,2f725a5e6799bb325b54662dfa02b156b7b7a0ecd67841820c5d98340f03506e,0.243
697,aed6926c1b1d596a3453f38a66c8ff84008507f78f36c1a489de0b32190e407e,0.242
669,77d5b433203b8475caa7385b5cd967e426b711134af60c3946ed8a952bec1dc2,0.242
568,c14f6c25cce616e4f091682e1ebb8b29063e33e661f5acebabcc93c5a3c93306,0.242
655,105f2205b291edb949fa873eb4f591820aae93fc8cbb57fcd3acfbd19bf5f9dc,0.242
338,dc282c98a1f8db80376ef5b036cee9e2164b007b466196df8fc40a4dbedb180e,0.241
277,95a8f471dd437c41ab7e79cae6c3c6e66d9a5ab77aba038bab87bd4b0bb4ba6e,0.241
456,7bcf9d182eedbf83c7afcab5b7f80a8e9f51c9f17f25ca04b4fc1a568a5f163b,0.241
602,d71782db60c1143dddcfc3c192effcdc811ee7a437440e82e07d761e4761113a,0.241
108,fbe5bdaa9d737e7b79fab0a1dee2c167985e14c126285959f2d7c04696254257,0.241
769,a7c2056462dfa0f4dd32da8ba2b4a7e5bf973cb2c6983218a6ce7cccc9a9b1c3,0.241
821,7347808c7dc0d5ae86795decc7771ce802aeda079a6b2c4229e373ae43a37a58,0.241
551,c246ae282651c4f3a5bf802d85cbfdff647c6bf729e2b83806bac292a2fbd66e,0.24
188,bbb01e5862206e91e02fb6efeae2327f9a6a1402a4c42c2475eb132bb179edbe,0.24
561,8d1edafa879f86a0471f113025ef7653ef23f913983c38cd9abc5d6993fac898,0.24
645,2c934243c09283d5b34f2a17cae401c9902b63a50ab0516a838e9ec603e4401e,0.239
159,f5bdef0c2d101c37138a29b6a8f688bcd4f90b82c6bbe07e46a58561360fb95f,0.239
250,304b1f65af3902a061906325c880135f5b0f1b1d01db80e5b48fd80303bbfac5,0.239
754,6beb73f669fad71d309ee45693137e324ea2c79a50867ffe718dec310b50aac0,0.238
344,cf81809a9b797f013a740e49e8ff35b2008d86754e3ce71b57d3ab780dcd0208,0.238
772,0fdab245dc822f7b3b06b37ae1d5b20ac20ae50b2c43ff309638ea902461225b,0.238
615,80eb2c3d45eb983229691f9092a67129240e646615d37f6fa1d1751e2d037af3,0.238
622,c509875573570b7b3048e51c84209612a4f31d36de54d7e950b7ceb74eb8ac82,0.238
274,5c4f6d27e6ade1e6513853423ca3cf88d1f7ec52a1dfbd7e9ff1e6fadebbd38a,0.237
107,bc845fa36537c002b3eea68928be52e02e1dfeb4563b20338ebc36c8354e4e24,0.237
768,1dec01486d9f42026e740b5b5ae776db110f0345a1ec529be6f858b523640174,0.237
730,61a8fc78737153cf4e259a7bdc47407838a7e1c594254a17bf70ad17e97a7016,0.236
84,4d0c3c6375e8b4a19c0bfc2f4d521bf4eeed7d6a891c500d8c4c76c93896631f,0.236
814,0e68432c84e051d003615758f3f843d9a917e05f4bb76d5396599a2bb85241c7,0.236
675,a96d6c1bea541beff90476c1618d9491d0cca322c8babec335d99facfe92c5f0,0.236
312,402f800dd4bcfdc08b1d233c3f104c7eaec0506dcc4c9985b4d955a0f4f837bd,0.235
461,ad8486f3fd2b313aeb4602ca8b0d3b74b3c9253bb14ae82d957e57c82b1a37f3,0.234
585,ad21b46e089b496660906d75330c76a300de182f58059e83804f8f9f328e96e4,0.234
362,95f7d161bfbc7477522d438daa1cbee1c987a4a12cc1b3012e779de04a21ab49,0.234
438,3eeab91fce96724fa85bb6f5125325f87e8d29af2cde656042c662e359b335f7,0.234
639,90d27d67a0e9b2559a646d3e915e0aa09e1fdcd67c4bb7a6b3fa86f5d8e0d514,0.234
392,deed3eee4c1e7e772d31a2a52f89d8416d8283f1d621d7d1c905ad938b358b5d,0.234
586,d59007936f37098cfd62f07f8a5293f1fd3d25c2d10dc5acda23e507fc78916b,0.233
863,feb9c97a3f694c22a919d9544c433da92d34d5717b43d54d88f543aa462958ae,0.233
857,4762c5a788765e241f971544278e27f7693f4cd3d82aaaae49299e776bc064ab,0.233
315,c91e2e8c506d8f58ed690886f4ce3d1f8950cea087e859a06777bfff7eddc840,0.233
671,3d816298b22bce88df1419f90b46d114944b4ab70bc4a322e81ddf273ea1037c,0.232
546,35d2eb487dac159e4467c8c1e1d7c7f03307e7a6b1561279a732c23ac1c86096,0.232
212,16d3a699d5b6362a1175ed89cc6ef882033f044008d73f9bfa9276a7fa5ecc69,0.232
294,846b7117f37816a61c2aa3693f029d7c4471b517c8c0cf7935dfac84321f903b,0.232
810,8f80c6d25b62d06d8d4f2ed74c82a9f2384547254c6a3f063e6acb2a325a3580,0.231
515,0ff14cb3aeeca6628be8dafc1c685176c0f0d204659a52b15363c5a940c2ee2c,0.231
488,3f60fb18d2bffcc5d0062021a04a3606fb16724f15ce25f5ba3d9551e8f8d4b3,0.231
136,bf46fc06031a203b3fe0a3267bd4bf410fcd05abdc08d8632b223695b064b461,0.231
4,7de1743c7ed76964be2ae6ae429aac23393dd3e30de4298cd8986b04c393a195,0.23
758,cc1d244badd5ade16f666f7a7a5e490557f8c5bbcc8bbdbd19e250f93ed2ea5d,0.23
789,72f2cc0cb0e3d7885ff244f8e3ac347c77249b38e69233e5671aeda0a38b339c,0.23
636,30c7445832aac72c5d7c6b3c11370250d80f3f4ddef37d13fd93899d422083b3,0.23
523,566ff012a2dace92facb594a0596facbadec7e6daf9983511292029a3757aaaa,0.229
111,8b1ef1357984e238a8fc6210b49ea11821dc0b0316d5f087f695cc286817bfdd,0.229
481,852db084f4f31a6b9272aa95131814d4a9d2128b630e0b4e780a2f2ed78b2835,0.229
432,de6b622692c5d009fd29f23d5c7305b3225d69ac359feeb27e7de5363a8a1cf2,0.229
433,f1acb777c6a4ba722797329358dff67e113ee5f6159ac5e8a2e9cc87296cf891,0.229
219,d23b12024179abc0ef22cf58b0842140d8a2f0e43a5927819f674a58c8359b0c,0.228
704,31ea28628315f1b382d95c0aa60c0f513db7dd3b22859a63e17bd9bbff086a81,0.228
504,cec4f39439562770276012c1aa6c050f160e1a8141a077aaa7c546537ee49194,0.228
381,9211c52a794de3476394417adc7ea932da515862ce5301fc92354a479d515e4c,0.228
65,17811d9e0933d45523720384dbfe59f99abe500a496fb9140e7bf2e21b480caf,0.228
771,2370156aa098a9fb99d07b85a91332bb4177f0385c1976fb8be6c3fad82203f8,0.228
724,83d3ff8fafb746ed9769747eb0d49b83ca5b1add172f8b198e31a610ef5a6a65,0.228
735,eb5fe1bac5a97cdb4f41c1c4f639d5f9ba339152c229549a1635df238331b5f2,0.228
413,2064d45bb4ae9c653428313b3df4105991cc9cef4e62c630cf93b21585d420a3,0.228
292,36f771a9692b1521b18dec57159e5763a18661c9d4641068e224bf2532ff9ffd,0.227
577,e49cc24da5a95fc2cc044f6df67b03fb0b662a6c8691aa1cc061dee97a2ea52f,0.227
183,2963c38ea86d25eb5fa3de6947a8cc845caccf88954a20c9461b3b5e0ebdf11b,0.227
716,7f6920b54535f9d2ca8e6d1b56084b76146225e459efcbb0ad95aa907ed00f65,0.227
160,399c3decec3ecc46ba0b6040b936377e970ddcadfb4c3cdc107c2e0be6a250e6,0.227
794,66c7b309e10d8cac6c415af982ee7b8140a8724a7846b2deb7390f7b9c0ba8d5,0.226
542,973e7fc640c1a3ed98a7c621077afb44b875c15df45592bcc6cce81b7510a4ae,0.226
162,122f32d2422fe5c1163f78fe528854623c06369458a6c557a423e92afc184c33,0.226
694,636e260edb15d307fa03b63abe641fdd33b60260988b0915a419b3be6c326436,0.225
788,d6bb5680ea9158e37f7190ea1077130824a4009d74afd22a807cee1811a0f231,0.225
55,4dd9d9e2227dc741a5723372c9ca868bd9925e02f3834774631bf1fdc2bad3fa,0.224
266,ecb1e60332059984242db30d63e229a9c76e65f5956f67321bf3142d48bb1358,0.224
505,4133fc1df3e2298f613fbc4a0c0de5e8185d161f57659d12b12452b6c9e9277c,0.224
418,38a1b3646760cd4c86b38d4b5f8988187815efb035e2a052034e8d266f95bd3d,0.224
26,cbdccbf3a10dacbcef7f996a97229777917e51d439c0e88ac9205035d4eaa0da,0.224
5,cf384eed3b85fcad7309eaa6e84464f169461e4e18da1d0c7ab9a4b95236fb4c,0.223
800,0a7a9f3f64456323434f646ac03702d8a9c11f0b07e090588bb7704aeb7b9754,0.223
242,ba389149716b002f6612774f5686d822e3aa38e979fc756690ff109de0a85691,0.223
349,d0b46a6075f4a53dc367e74eca82a4476e7737f33fedb160b60ed963385e9c70,0.222
324,370cdef2ceff01ce7388f3defce600f4b0a887902d1d5dcb3753b00b9fa6c6e1,0.222
470,698043d49c47ec7c6cfd11b7ad35a79824d48416803c4c95ef7ce0279325077f,0.222
85,61052097d821f725af6f0ae541af6f2ce5eee648e4c27c029afa0efd0bd66c52,0.222
516,d066e1c5f33d761a64104a5725b6245a1a447dbd85e297e72974a39a096e949e,0.221
677,2ecd9bd8e5e856c8e522bf2d7e4403527aa15cb28823d98695bd7bafb40eef54,0.221
143,00489ba3f0d05b82ff626d66bf32769dff5ba75303bc9b48f2e971e14369de79,0.22
193,3f5a20a85d1c3e98ba7586b4b05a1e27c7d40387f183421778a9cfaa80a3c039,0.22
30,e0e30840e8517e89c1c0d09dfd8ba955222e1aa94127d58229094024ba426d26,0.22
406,a6fcae02f8653ead50117e29a414e2eb0871b624fd97521921a64e64fc66694d,0.22
330,43c4a86ac2918ffa51d2fb8a504e4ce2284885f25a30f3c3f99c0be88547bdad,0.22
642,df141bf31cba07e31fc9c52e67ff961377c411dac65f422ab0365b96fcfa452a,0.22
695,a88b9b9e95cb1fe781a4f7a109238b7ebfea565fcc1de2eb3b04a132e0a18ebe,0.22
652,d3a6471c9129ffd4ae12e6ef30aee54008e277775dfaa7fec45168a8432c6101,0.22
848,ab9623cbe07a4c2c8b485e5dd1297703e6f17eb86294c5f65357e6a522324bf3,0.22
629,7e87a21f5cae5b5a14f57db741bdb8bffff0a01c3f30436f5e2e265dc2d8493e,0.219
317,c832d4071c0b201c8e37079fb42162348db8d58a29abab711de9c73fac512d9c,0.219
147,b9c93c3752531e5a2ef27cb03b3c8d85557849e23da53961190b1db6c9b983da,0.219
51,5b88c0654d74ec259ac6dd91277ed8e6d4d89865808931677fa348bf5e132a34,0.219
484,695a0f1d11c5b0f3e3d766011115abfa465e36add2f9702e700172de8a2820a5,0.219
637,0ea3f485f99836e3f0dd01c6c3f711ca0d2cf8b7bb869ff805a012db4a8b08e8,0.218
567,b67e6a9c00f00ed5ee5207a7861cb2ac352b8ba9b5ef415c05064af97c739eea,0.217
873,e5ef7979f026f0f61361882e44d676ae796c9924047539b0624d50a1645075d4,0.217
322,0b440db15b631826562eb7e1d10894e3f7546d92c179ae8d2096bdb948ca81db,0.217
759,e02395aba9b88fd1fc2a46362bb432403386c2dd90f88efeccfaf604dc114b47,0.217
388,75593cfb0a01c40b556b763edc1524f21448c206df9b49de8769636065edae9a,0.217
225,ad597eabfc473200e7689935b23cd5d45573ef4c4667bbdacf3b6c90ca7ae6a5,0.217
649,d5051365115bafabbfa2096c9cc5260b81c4ad83bdbc5771ef008aecf9728a4e,0.217
434,88c120ef8025c3412bee16e9c3cedfef3949d632c3553dcca4ef7e9613920810,0.216
549,f9c6fc0a954248726f32f4d4df8b4444b9a79f1d6b2c1ebfcf728325d39facc6,0.216
113,2a6fbbd5ec17c2d946cfba628713a15a713e0c939e3ec9a83d3f1ca9e01030f8,0.216
408,4f270b236a78e6cfb7383bec9fc4a4dcb7227bc2eecf6d44bb16e91f82a86c46,0.216
34,ee17e27db09f8a315831fc3c45af8955956bf32e83ed8718ec69f9fe56e1f506,0.216
311,5c644e3b69ab9dcd2128aa41f5f0510c202b5afdeb73052ff28da58ddf921a17,0.216
846,10f4f235fc1735ad8ce3b6acc7780fb00b57fecaa40f1b47a88d140b51689926,0.216
845,f2b37c765940590453aa5a196a99c898e5fc6eef19c8e3be1a64c4e8ff204eee,0.216
595,3c0af6614691b4ca5d2e3a38e81cf50ec6d639e0915b9bc72f137ee1437274bc,0.215
691,989f2fbb679149cd16bc8a61e7c4e75f49a0354ac3204dc4ad987f0a0a95fece,0.215
102,2ebf9991ff6a0c6b118423ea4f275d52336d47ca5704b7e34a368684e470576e,0.215
43,fa336c723b3a62cdadfd20f81efa7e037f0631f2157d9f3b30a0d26354b41a6b,0.215
56,52dc41a73f5fc2f452b02e0a689d7b24fbb6a65f57bca143a4ef7f59ed27a3bc,0.215
121,f507eb3d15d131d42bed7bce9f05d8c734ed64a58774f5d40e880a95fcd3d8e8,0.215
329,190a2ea17e44d75e1f8c5785bbbebd5f13229cf7e7f5103449c8dc010edbc804,0.214
149,7cc0748f556231c3cfeda43e9cd906fb7f1d735d28974445ffd161119d5a4ac3,0.214
445,bde7d4554f9d28eb6286431cf7289babe92f8bcf4166b21501a7ae971ec21f1f,0.214
18,194e619cb6417f92f75653406cf04106debc5035f13a8850b00428fd34d91d72,0.214
401,72a2b9f266d937a50570833a57d6bd2fa7fdec58c82fe767b845279dd2ff8d19,0.214
494,e9be8030f3b6818e6e0aaa0e7ad3b9ab40027c1e64f7a7987e961b56371ef6eb,0.214
764,3334f2eea06bee8e3a8d5818ccafce3fa012b2eed684353aa9fe780465b044e4,0.214
190,479d0950815427912f50d0aaa24f234f2f63cb4b7a59b1b3f45277f9c0009e5f,0.214
97,fc0d1a528db1b7f0464824106d44dab8f3c2f578395097c5bc322f06ed1619bb,0.214
717,99a746b5b190f5f1fd16c3f1b48963e023d6bc55c94067eca8376a13ad4e33fe,0.213
775,c18382bf7178d8d4449972c667d648c108182c5d22df8b355be18ee5065aa20b,0.213
139,8ae212f0bdae0a7f7d2984b79967ec297a9349c6d1b69f9488edf892e2acb5fe,0.213
646,a4dd3dea1a0cb2c21c62327839d785b3eb10db014910e0cb8ef722bddf373137,0.213
382,04732bec03125a8a17f1191cbd7c6dc675628bbb87125c4f717b81d9c3bedd6e,0.213
411,3f16a70c321e3aea43e973f18836e2e1b5c714805c2ce9e99f83428b27355162,0.213
849,d512ddc478bfe23fcbf949d84ebf1a689c1c4b3b5e102933f5460fae62dbeece,0.213
423,53ebc5e83bcbf87cd90507bb2e640e64d737ce24d65b0bdf29b2ec5cc726af57,0.213
751,2c2f7dda053d52ec30c22e0c2b4407c4e723ef2e9b2c5de8b381b86cdad35b65,0.213
640,2780d2558e492c2d1d36a6ec77411de67f1e3d8ad4b6f7ff2409a1d88f676049,0.213
384,c46ae8235364f179857b31ecd4df6af42941f26d7a0501c7630c422370e62295,0.213
569,4a2abdb52879026cb6b87b510d51bcc838e3fd64036a756913ea4549d38b77aa,0.212
555,23041a2d62273e7fd8b9e39239e38a2c9412ed6b20901c08e957a534f992e848,0.212
510,eacaddc80eaa9e0551213c06a10843140457ee4ffdfc1fe8e069d9c7ca6b4bc7,0.212
172,379d4fa0ec7f69c72d50d882922c3416da11bdc28440ebf9d670ceb35f037d30,0.212
228,f5728ba45f8732a1521e5584011cf199052d12e1b3adfe8ca42a4f22f3a75103,0.212
714,7af735d2e2b7e08900d2606e1c6a7c9700b75089a6ca93f4d86f949c21203a60,0.212
252,e9dfd1badf5bb309bf100ec6ab64fbadf50aa5b819f70e212b0c9eb824156ddc,0.212
379,cb24460c4cce92b4278545c15f81803c64ffef5a2afff95e6d1c56537b1e559c,0.211
290,dd2ab17626e8ee8d23c4e2880b272148307ad417067bb4054608b11571f8c024,0.211
13,1b8d092daff12bed8b3c2ab93bf5df2921865a68aca185f51e31e7105abb0c48,0.211
7,bb61c09449a1c1f8b78955d8b7a7f73599e78358993fe24b56a3e11f7d6a0bce,0.211
393,ecc1f45541d0e1545d3ceed4942e995e743d1c364dc55852aaf51a05e5f7703a,0.21
473,e8058f63f1bf4cc17deea56f96c84c690eb8291e1b41e6aa0824e0bb94d91fee,0.21
88,b30b4daccfa7e5d0e541448e4e3bfc76a1626a52a2a31791d18f0a6cfd5933e1,0.21
605,76a5ba31b0d1f4f47f3db1d9a015d91cddce3d5d1cf2801e63ff622914fbe154,0.21
150,d13102517775bc35b7771c27d39f850afc5ea849786124b5943886bf8eb444e3,0.21
345,5b88b5ac8d3d4fe1fa1dde750d5d527d4c177ccfbd783782d7249baf10e7840d,0.21
668,19dfcba11370cf2730fd58827b4a127e8a44778ce45a6036ad1abf4c3b0c16ce,0.21
620,f5fcd2b5871c5b78a5caac803dadf488b0d3beaaadf777bceffa9a6c347a9a2e,0.209
300,af97b1e42e18553cb3a25893d259b6fda6e0b99278dc66e4f187f4ce721384b0,0.209
651,167165728d49b64dcae0e70c306b6820330efac97465f22e300cc7d43a044830,0.209
29,c8db99ea582e2f097a952c067345f506febe5836ee8157d6de28356328477c36,0.209
757,c12a4ac53908d20e40adffca08354caf5eec06e071c59b79aa2da5c95f2c93ad,0.209
385,0eaabcae07018b2caa120ee5408fdedae30d0cc4ca2abd2132f55ece7c67e3f4,0.209
6,188c33292034f2ef38fc850d373ae45ca9c9b70a08685968f6c32e2327bbed55,0.209
284,28764abbc0d72a5241c1770347cf4e964942599a074148ae7ad2ac400d0ba625,0.209
186,97553af51516060c653d4d0659e58be65533e19c922f0a4714c9f95f5f11b1c4,0.209
132,504fbe45998bfe23a744e7ca7b6c852d0cdb12d511c68c335c9b24990d57a346,0.208
154,399a6729216471338da3afa9877bd1266b203165d730ffb19c552f338511a593,0.208
627,6bcf8b3f78f6399f66cd2ccb777162d8f7138681987d1003be56d1c3377691d9,0.208
86,cb12db9444d94ce4bb94db690b46fccdb6737d6d8bd6b9f8cd677230867f3a16,0.208
463,e7e3b9c4b78e01d5b8e61bc83f05718c5b80ef0b0bbb251b3a70da6f3ffbece2,0.208
647,d57c200be4e9948e6ccd4e07f0de01e7cdd27c22a28d03fd23b9525071445a33,0.208
229,3402598928eb77ae3d73eeaf2a37d9bcd61536628886007e968041703c90d777,0.207
206,9884cb99b2cd711f9e6730ebdff301729f5b1ef18da950e951f4d5e902d41eba,0.207
442,4f13c61f5cf3c4330fe6be7708e749f758bc431587d2ac8d434dd20db49dd13d,0.206
573,dbd0dcffe463a6c102fc601b6ce47939a3ab11b72c51d1e01dfe5f23f879fbd3,0.206
762,f4bc327c2e19276044fe6b462e04fd0fba35251ec99d026acc43bb6a98db4518,0.206
372,fa7829fcb7c70f3d523e7f975ac27d70d8b104bc5dae8f7e42e147b88e2c0688,0.206
37,15c8518d0eb026d61abc5180f1e5ef9d111ae4690b364aa73db6fc7b2c12b6a8,0.205
61,79b2b62867618b263b18a2758a2c49d8df2d7ffed886173e06bd3e8b0871b31d,0.205
631,545338bfcb8b249a9a949df9e5ff87febe7eabe501831784e6017e6a7d5b03d4,0.205
679,db40970e5527399829b1e509a5a3c1c57e1cc0c5f6d6b82bbd528cb2a90816fa,0.205
727,6d6e3b72d2eb1b61b675a2c8044637df322858a996ad8691450d082691a0fe4c,0.204
199,9c9ed44ec01d17663c6ab200a02d15f82e5a04f7bea1d3ecc0ccb2c7fd312247,0.204
397,b90bf253bcf920bb8b36e739fa4e1ba6fb08fc4c056845c7e64795c970f5e7ce,0.204
623,159e36d1d67ff3a1a186f2f0d7a283b670970a62d2063ec7b68039a9cbaf7717,0.204
366,f315a810b0b05f2ce49ef54f5936eb451ae0a8fbfec329b27458c944d8d4f6ad,0.204
474,f540e49ccf15674e903fc94ff39ff2b757124f2e11927f4c42a92d03481e9ced,0.204
696,e594615023d442eff36a208b9142c3020b054903d9b26b7795a3a7a434560272,0.204
545,1b44f23b2db26bd95745a5b26161cedf01f1e03bff1e2bfe77f7e30ea0557d17,0.203
426,72a9c0abd931275e484f7fa5ab242c94781fa2c26ac829d0776499e988e125da,0.203
168,494621f80cabf38504dbd1527d013593583aab217fbc8f7dd8bfedeb24dce99c,0.203
660,e7732c4532649e5aaccd5e198b8fde42a3b6f883de884da4112fb491ddbfddde,0.203
20,cc734f72fdd8753ba2e7638f3d09e0597fd859735904dafab03cec6b347b331d,0.202
868,4474dc275c0042046d2c3e80bee008192a03ecaf55ab0df1473c64319cabd189,0.202
729,80417a4da7519e6a3a7412b28348de556a27cef5f45078d21735913c5738bc7c,0.202
244,a58240a27deb64566af4ec371820e4daddedb9361f0f3a81bf7e1635fa72bcc3,0.202
412,e8f6e13e4e0b9118f3b3c2258486146a0a97a211daea98de379ea4003e1a41d8,0.202
865,f8a2d784b992b3fccb76dca7317604f482ffda7fbc272e3ecad3ae1e4b3d1d2e,0.202
179,24d894dfa95d63efc8ff325e369ba366cc295cc867036a37c17e875da5f618b8,0.202
11,4b317f5941494d8a0663aca0b9b9c5be74939ae878b40d31b7c85261a30b3bc2,0.202
475,c18d468a7267e41dafabf001a08f186a960a6422f705cf759308429510bc43b4,0.202
801,9afd2fad6085451a6f2146e898b6fd557098042f34a068f0ae8c3b9c8f80dc3d,0.201
40,64e63506a6929f819d894fabc3321ffaeeb8b52b1cb1d50f9b55e9f6414abad8,0.201
106,f8c69fc9ebc3d49a97e00e262ef93586f02cbe7eef95ea4a91390e73369f4bbd,0.201
476,3f4692a480ee04dff3491bfe853344076839c02de7d160f594c42c119ff07e85,0.201
783,e2cf89a5d141ff5b3b286a1697944db097461c0e7d0211aefe8dbc3364ecc2b0,0.201
17,e60c4e9e9e1e0b6654b3d291c976e1a9ac69221d874ce37c7bf5f898b6e81ad3,0.201
508,7ac2fb9282a3574d41b1cca6eb305943797b191b83578eb56145f017c8b0a142,0.2
563,7485799e1419b42a184682d09d930426df054a50918197bfa21de98f2553cfc2,0.2
533,0ecf3ebbfe654b9a4b02e068c80263c7fede693a46899a97f181b85ffc662b5b,0.199
705,be10a9635e6834733682b580b62b8be67e6af0cda864064806660b7efe3127c0,0.199
664,471bf60530ff230aacd985055b661907727044089e74cd0685419d601bc8d2bc,0.199
543,f65dc78d85b73e8e17742cdedb386381b4d0b3907676f08b114431ccde27480e,0.199
477,588399c65500bb093d48ad23fd368dc07e26d079043f33bfa8180adc351ff859,0.199
462,3fb181897178959dd07d2855e73a592af29752cb7bda547ec7bb21807eb08d0b,0.199
197,17eed4f6e42dcf33ffb87dc3f428dc0ed55f8ed6ee4673cc98f8cf8c0c9dbd0c,0.198
565,386b77c116868aed2636470610236e61093b744a8609cc5e4cb3a0357f057baf,0.198
787,e17b7eb2eb0c50f51235eae877434595cf16824e611f91fc97a4a6724b2c7db7,0.198
378,20307372533b9b6b60b355ade03829162fb8e64f3a6a53dc4fdae993420bb7a0,0.198
104,337cec623b518bbebdc02038802fddf1d6fe97d995bbb3fb11bd4eabe4c79cae,0.198
820,2ba611513b8033bc2f8ec444a404d93cce44c9edd27312aa262fae8988f2b505,0.198
500,c4010c2367bf2040cfa00fbbc274f19081904c64a5ddf62613529bf7089dea61,0.197
42,bd4595e9ea66e85ecbbef094bb74a0d1ffec143312c6d65d5a4a5fd7f467366f,0.197
612,f5c628059718189dddc58891e653533731acece413ca1de813a8ae15f973a54a,0.197
38,86d374405235ddf7218d220a2b64f1c13874853dc83159d50f21fc70202c1509,0.197
793,1b87d437e6a1ec03419376c83311774050befad7fcdfbb5460d1c3cdaa3dfee5,0.196
854,d0af66b34719df0ea78943e0c046881153460bd9ad87cc055373731cf5d87948,0.196
259,917c233b758043610d14434190028a270339f3ece6c868dff7f72433594a909a,0.196
279,719fd62212d7260ab48bd1a586889612f8e8ca18249acf96a2fa0be30d00a824,0.196
487,2225d322fdeb4af62d458903ee8afe6717cfefb6ffba9b55f745e672c47d63fa,0.196
137,72793ebb92ba8c1a7d15831ae143db93d62f555f67248abe8911ec6328b7682f,0.196
465,a6cd365607bd57ebe8605ec9aa029a92ddbc478a92c76ef225e83ee32a6166d6,0.195
181,8a73eb72e9dfa99487e480714b723dfc5003055b04f5df6532e58c23a1b8f2b9,0.195
609,055599b7a27ee92ac47ac7f580ba14464d28066b4a08a09bec16ded78dd7a51e,0.195
492,3cdec6082f248ce68d4bfc8ef1df0cb3d0ffed4485b7e8994d5da8ccdaa8991e,0.195
681,5eec7b8b514bc9d83e4fd55c160c3c814ed6d81e3fbb686f3a83eb67921033bc,0.195
468,7b3630472bd616322f14a54e3987d0ae83c3df82807482e21ae95693673c363c,0.194
680,250fa3f926fff06fbb37876a2ebf4a0e90fa02343bcfdb8b17b19d6b20a41aa2,0.194
347,41b30a60af2e93737c8aac834b5763664ecd0bd46f9336d2aca1ef38dc193722,0.194
224,8e766235801b7dd152a9bac144950e2918a95c97a6c44c491b452e1eec8f742c,0.194
875,4a87a82771996c18afc68a17d139bd318d08fa3e5dcf9f8aea4ed92b8c76b5d1,0.194
835,00ac2b0f09807d4304312374622e5e6a99337ba14858d30f9f546dc01fc8c5de,0.194
511,bf7bdcd7a97f6fd8310b2681896dd7edc6adcd80dc4e06cfe7eb3354c295a9d9,0.194
267,a907608ecd3dd3258b0069d72117436dd82d94884f95a8bceadb2f7fce90a5e0,0.194
333,e5ac842358b2fd0a6449ed3abe025b1c5a5470e2b4cd24407978072818396d20,0.194
830,ded6b453ca579763e3ae1097a942bdaf88ee9aadd6f91e987a16a451c7fb3a07,0.194
313,9b2729d2285f7c1a01ef3136b1b66dbb0b4119c85a82a26b4d73be39ebec7255,0.194
39,ead600b940dcd6935b14ae586fc6e14b7c707429b5000a81bc9c8ae2256ab70b,0.193
248,c98674c0ddfed3d407ed6ec443ae8361b75cf824ead7eced0cb83cc9d9dcc7de,0.193
635,3a339b777ec0a12d5ec56f93b5771f8fae261b924280726910dd436c14c4eb0c,0.193
874,88d0280177ada783eb46747af3f82aac06cbf6b1304337922212f73c5ea0d1bd,0.193
449,7c0573a370153b887ed15b99d9c604a6c63eae982c87f0ffa1ecb6d8e404ff2b,0.193
138,54a007f16d56eac382196151dbe5b612b231add0b20393d51d865d699921e6b6,0.193
767,e45f3d24432f6c8f875922cfb12b9f56605d902a1874c0d4af8038acfd87f35b,0.193
368,aa295eb5e72ed26a21c141d5c78fde05b27ee1227cfaeca637faec3bd3e5acb3,0.193
74,d49b262bc458a22aac7a077071d64d6c6ff8e60df59650524c4aab21541bf6db,0.193
541,af145011976c39a4f0064b7be5f0c9c8f02728bd238f859dd6c0005dd0eb0d31,0.192
227,c1be59b1079daf3d5c6681675cf4040d37a4fa093af8a1c2aed48b25bebc6b3a,0.192
446,098861e9f6126709d469928b3add047cde7068345b528a7a1b93a0331adf5a58,0.192
320,3df28d48c62c9f1055414d3fc8de9f404c62ec75cfa8df5e48d7f088f2b13e11,0.192
860,bc2e832e3816b0e1158fd4e2346d2fba7bb5911273a23b114029ae9789422726,0.192
856,2768c23ea56f64bdaab1fe98410681cccafa682b0fd88d6ec645e01da2eb9b34,0.192
238,c06de08966cb55c9a5b316b37ff8d2ba59ef7d3fb2f3ad47bed2183896ddeae1,0.191
799,e3013186e7eaa08cf5de80e789be7056f6ec3e375b66bcca59a9ff62d03140ae,0.191
387,4b7d61db73e81a05eb81a80f4b107fd62e10be11882beebf98aed26701c35b24,0.191
701,afb37dbd90026b061997873d0f50a693289c928c73bf7e87e6c2435a30fef266,0.191
36,8e3760e3f25c1b9ebc3435141c4b946d92e234753a4a7e4c847f80f3df3a9bd3,0.191
452,9891c3a2d27d75d35e16fda5a6356ffd864dbd7977a874824a6a290b0a98aaf3,0.191
405,a93d067ddefa2aa223ecbea20a3a0dd0a11b505769903019bf15d2ce5210f7fc,0.191
877,98448fefe3e358578fa643b63fcdcf4a3f2dcb496863f8eb7cc85a0f4036e511,0.191
797,e82c7d358394b6768186af763e1130a3066a92075351de373e58bf00ad48d815,0.19
100,ce4e0f6a5af7af890208d58c4b01127f5a0ba2cbd30811a1f5b9b598b9f56e79,0.19
256,8aa1be7d2d9a15e7a93845966e5c2eba7b6dec0739ac0794441b3565451e87ca,0.19
554,76a3f1781e4cb1dd4fa6b931c3be08c02f70ebc730f31293265892b9c03133cd,0.19
69,46278e505daaaba87e65a5e65effb49f0a3dbfb3a48eae63d324e3d607865572,0.19
182,58507e189db894f49bfabf88b359bd901539a877f9df40fa98bbfd0e3a8aa8e3,0.19
435,24ce25900461eea18408849a9bbc40f46052b5c6a56bcd093f6024ead4a8c4e1,0.19
832,35fe01a1d381ac9152c39cd716067e2713be4ccc53ea84ee1e23592f5b226a82,0.189
594,404a4794e6c49a99b5375c5d1d2a366d164c0efa4075a5f1cea61224397bd435,0.189
708,d076a6eaf25fe6f20f9f560646c08c8291952a250a8364c55f535f2e2da3dae7,0.189
249,ae9a62aace21360df92448d589d36fb8f9984cb299ae2ae54e20c4bbc117ef42,0.189
93,ff9ff2ac35ec7cf5c7d5ed561010a53a953108110a3f5cdcea92945d94b62d38,0.189
390,23e05224b2d2e15b736e986ea11c651d4f7f6a943622c47da7fe30b1a104a217,0.189
62,84ce4b48062015e59f228d3d6e33139432a8166b7e0598276ff31d828f7c9a6f,0.189
699,86fdb2195c4c6a852d5bf4f7af0fe91d274f7425e98083615afa876a0c306b1f,0.188
158,b8425ce01931f73e1372fc9d953df41504e1313c6a3543fd14fd5820a213a5a3,0.188
309,a0de8b6675997e88cf2a776c7857145bfdf52fb82754765938b47a864c641ca7,0.188
257,5e928740fc15cf449152a164eb022fd70fd34ec35df3caca57d1cf37d63c4fda,0.188
364,89565b439fa4135efdacf3407aa1137c7e8d1a171c73cc51b18f760358e0813f,0.187
778,961fd2ff794d4a1a6911f0b077cf864508c6bf534a9ef176e703bf40e4f6aaa4,0.187
579,0f5e1f81ee68a3392ca9da1d95164e83fb220dc847cda55679b7f4ca864d7ce2,0.187
110,c0d268f9ecedcbc207237484faec57d9f054afb4c47346171cf158e2d236456a,0.187
323,6b552abc3acd22e93c6d2155f76979e7d2f55ed2badc3bf2f299f01ebbae2cd7,0.187
380,a3b6d772c4f8bdae1d2330af36f0de686fbfa74738c2595aa8923206ffc45778,0.187
650,279c91f049b36e9d3b0d202057e44b6a7123be192b89b75abb10b2b99c650130,0.186
548,6facb337f0cc69fd35e01fe15f5d01387e119ca78443738aa00f6cb4600c6d5a,0.186
728,69f771b9c8c6892f6d6d1baaf0784af74aadd0bea1bf37f10462b92b7c2fed85,0.186
861,4e07ed7c396b529a835f1dee2642d2fee359211e22ba99380a8e8d7dfb35313d,0.186
507,92479ee8cb049796bb492620fc32f07b67444129496acaa9a730d03db7bde311,0.186
610,9cb1a5563a27b332e9624deb9ec197850f4e79d5ad1bcf098efbc37e67405d0b,0.186
596,901b579eb4c34179811fc6e794525a7fb363471657e639239467b19939b59a6a,0.185
539,fb52c3d69fbc7bdab90b778d435247c1f3569f7092377e525d4cf392fd675797,0.185
578,dcfcf3aec26b516d319db27ad425ffe4e48ddb46868a415f623931d1dc7d554e,0.185
371,544ffaf1faf34abfe3248aa5d0360c8f5f192f206565d5aaac12c3dafbeb779d,0.185
495,24255afe38cf96158ae89099c962510bc3355a1ca5bd0f43737ddc2980a09d70,0.185
146,8eafd77448e866dcdeb3fc5d88f4ff6bde0840adef0ceeac8bddccfa138c9867,0.184
0,6e292487550f4b68a5a710b1512039761b07cdb9d1125728af3e601076c8946b,0.184
251,7accb3f25a4b977261bdec208ee680bc9eb01dc81468d3f1ef4646e3ad711354,0.184
419,65d3fee46dc89d4fffef2d1f630ccdc7a58170eafa7c4871a4c9c02a3b572d04,0.184
81,2b8ac2103975d8e41bbb7c0d44ba2bc0512f9daa35a4074da19b83239cbb5c07,0.183
275,80ef4cba5569af62102773c477571f9484972dcfe6f76a1495fe9b65ee28cccf,0.183
457,90d851a5194c3b40eb61ac4b6d78ca9ea47021407a5c0e34565f69d26d06ac0a,0.183
215,8a2740f3a9fc2b3e0032c330f347be48774797d25f0b8df9ca57b9ac1d2f66a4,0.182
9,d23e84d386deb53b82502230fa020084ec0d4391eadc9692afa44b2f91006b49,0.182
744,0a47101fb939c27122eb7c9cf003d3f426593940f7252e0cc804ae0bf1fdb75a,0.182
466,a6f906772ab503b8286381d1e762161cfc50299d069faa36608acf2083f93972,0.182
641,f2f2ee35fd6b17ed8a1d5519369c4468769eaeb673ce10fe872a9b6a8a66b542,0.182
173,73d224bab3cbde24705b7c32a5f7aec8a9d51dfccb04ee65158097be0d404a74,0.182
424,4cb5cf4350aed6dc391ce5128e0129676c7e2252cc784724a512e5851322d411,0.182
420,f94c1696b57967914aeabe37fbc7f6b9e625996a108ea408d49e46ec30efbbe0,0.182
122,2ff5da409089e713e084098551b41a65f7d7fb7acca7bf8318eb92b6f7c82099,0.181
707,d1d627273bed8da809ba814d28d7e1ea3f9b95d3eaa464c013d29eb3584e9092,0.181
3,c24d6219b125d9dbea52c431f6dc6122ee76c94cce8987d8406787c93f0b39c4,0.181
12,2e8173bbe7e404ef2c8e7b8526c60e28d4ea36d6db3fe39228e8a0ade142da8a,0.181
878,c0646d69abdbeee5fb2f89d01ea0b7c218f832da94d1468cc571ae821b257026,0.18
444,ca864190a3f2ac7bbe56e51a5908d39872c239b816f388a01bd48fb6d9e214ee,0.18
536,32f42fae00e17188bd509b7876f36ff99630a92f32a6d20df33f0f509368d223,0.18
525,ca07faf83b8686e6e2ceeb7191f4b8153d027d03433694d2e8b21a4f636a233a,0.18
497,b9b118f50950c30752d0957d3d92ca0a95b9d47c8f2f3dd756372a9ac2c40bc3,0.18
529,849743cc23c72dcc82f25580d9d886390dbe8f03b3e9e50ed1a6f9d2430fbbeb,0.179
616,81e062f5554447eb5a8ddfdcfe63ce42752b4cb311f1e84644bb35a856465ab9,0.179
213,baa56942730983a6bfa56440fbc9de7be83a50ec1e6c1527a456a2b44c88442c,0.179
749,b3451f85d8f9c6b7aaa6d868fb17fb8a4f047e0fc8bd8c12b111df05c81999ec,0.179
321,74d167e6dfb4a5ea04c1dac2a284ecc304e3d10339e977e3030c33676668cc03,0.178
819,535295e415f6a6e0929adab42401c9ca569843005a85b33c73ccaf1f43a2eada,0.178
779,f1a4f6ac9c8daf40b096c801d6f8dec436cf81a7d8b88817b421593124d3c4c0,0.178
59,4fa4676623d1ee3f10024daece0680ebc41ec1fd131847101b35ce19fdd6037c,0.177
527,f9562ee61ec6722d65c7239b92f4dac203531569415a8b363cca3704f8941a32,0.177
375,b0d6a799fdde4152277cac031b835928a298affbd29cf6dec0603cb16aaef887,0.177
361,a31fb37fd301f0329cba79b7c49226fc3252a8aec174f8b09e0833eac7db4a36,0.177
453,344543754ccf12734be09df11f1e949f8002beca385fa4602d14587bacfa4781,0.177
881,45774adda826c1919c8592937ca099fb5d66b54a9c71e6f79976f8f8557791bd,0.176
184,1a5361127b8159717a8c3d001b890967eadaf330811bd86e9628015dad3e7749,0.176
28,336bbbd8f1c55b5da88026ba339afc7901baa2c5dbdec273efaa5dacedf986c8,0.176
296,8a149f16482aaaddecaaa7133af539f94688421769b90322e653ea0e768b7e98,0.176
129,290803ce9835af8abee6e5c3c94cd6878accaed8f5d409f4640e5092fc74893d,0.176
657,9927425946cc86d7f7dc21bd7048c15544d2d877870eee7e50f32bbe9d1aa1b5,0.175
556,561cefb004b167adde30e5179b1565ceb1c8d43fb12b52b9591a145b8479b903,0.175
619,da3d9c11527ab44e2a93890fc9a961598ab06dde9f39be930267a6c26a724498,0.175
867,120ecac76e64ace3880969e7a6c7a20ff116b94a411fd0b53216978136a7d85b,0.175
316,fb3e3943f583e981098c9e079612e2f928b25b60d76ad0f97bfaf9249f33a2a3,0.175
713,6184ea6b27c9a4fe93fecae47eecaf1ec8afd2921252249b0a84cec37c137eca,0.175
226,784ef88833b54f79d87a17049dce2d5bce9867bfc8cef98fe51a5883c3247b21,0.174
880,7bf13c8c0f659d3deee17b1dafb064fb1cd00567a4e8f231cb5aeb6325f29b2e,0.174
766,ce1d2ef80a86d9ee1e83f3abbd46c36bf0c332ff5e719d7a1ad0f9365be71798,0.174
514,7725856e6067ca4fea10ad1d09825f430c8b03e28ddc9f001f5669a5e8f1e7fc,0.173
258,6ea57a42aa33db3538e1c8ba72b2250a1480a7d592e3346c301f3ee2f9d6d13b,0.173
720,24e7cca3abe88480e256187ced776ead109e04da547a7b09ec0db8df3d5ed256,0.172
842,1d9287853ec87e161d97998605146105c7062d816789496889dfa0b082abaef3,0.172
584,43861b466824ca75bfc79cfae05215c01df51abca048753e6c90197ef930d082,0.172
785,5c922993d111c6e989e617af5114954ff5e05499ad49e333f7d9f1bfca1cbd1f,0.172
235,6da1a67f61ab633f8bc320c4c95cf5fffc3d9ca4d8d9169180e34bedf595eaf0,0.172
341,5d9a7ce307bce6eb443222eb3953a60fe45df4f1dc52e97ec4ddfe2bed799280,0.172
643,b63af00424da3d8c5132b8c8ccd7d2437d8c04286fec0c7f5093bd08cc8c82d8,0.171
299,52feca4394ed793dfb20b0a6c1fd45bfec7e092850f12a286dfefeb006ba6799,0.171
272,09e9527ec1f30cae3d38aaca2b367fa74328ce18d4d242541c2e3ced2b40eb70,0.171
482,6fc138a9ec095f7140b4791d91d6bfafa3b7aa334977a97ddf2651de471b1249,0.17
628,a931c5b8e3878231880d8fb6098a49a358d7548a54792902140205058161dca3,0.169
583,68c19323a0067c9cd7c6d6a0039a8056a85c6dc92e23e7670d1c9c5c0d2789bb,0.169
496,1086873242c5d64e4702169cf12cc9b5b67f48cee7b09c41082f3937902be156,0.169
165,d35ac891bc67dd1cdd9c5ebf44043e4b5958748a47e1a7545dc875cae79d0ee9,0.169
273,1854647d91fcfe5b36034119e27837908c6ca2c5ea491899b32c01781f25182e,0.169
22,77f0e851859d35cbe6288587d8353aa4730649872741aeb53f62fa397830abdc,0.169
805,5714f889f3ffe7f177985b6c55b9b2f04d4b94c444dc97db0737fb4abbfd55b2,0.169
243,31558dc18cad9b5873be7978bfc4b36e12134f4676f5d26902b189b12854a89d,0.169
57,5705ac0103f1d23b29d20e8661db844ed6c8e39b694c3c3a55bbbaf1db6a0c72,0.169
332,25a22502f77a075af92878f748a598fee97116c1f16f7ea73aed52d8553c2c77,0.169
550,41895c33ad4d9ef99e7f9f8d69b9c1dfb30070689979705bd53d2dd99babb259,0.169
350,2bec9fab69464a853a8587b8d914edd857184db40319eff2660cb50fb38f63b8,0.169
169,d1a36830c6dce9dc8c4aefd5cdba6fa28a496ad1dc9686eb16f05a309d95468a,0.168
83,d4629954d5b010ef161af4353591f1b9024fd79bbb4e274b336269c7960eea0a,0.168
625,7989fef9fa0fe79c7281e0169b0c1e489f811a60b4cdb864375d096a61d6c8c7,0.168
328,f6964ee618a22b63654ccf23861db98fd5e505204b94e4dcc3c2dbbfd7959a5d,0.167
360,02c2e6d9c9d9a87fa30310c465055faa28f98f6717e8671bc79a00373285a305,0.166
597,b477ee358e7c35e30575e7038d0c87aaaa17cb08abbf81e2e5f7c58f89fc8cb2,0.166
196,97c646b3746b4399f8131c36a4ae651da08391f88a35e4c9b2773d035465a179,0.165
103,575de9712aaa7b754e7f9fb30273e7a745bfb667e9c0fad7092e8fad502e9295,0.165
530,0deba33b9cc959c8ff2e549e4eee8eb873cdae0d939fc32d5e0087144eb28a92,0.165
535,e05cad186a50190e1cc2a3b2c0f4983637fcee39f2a4104ed97d19ec825cdb55,0.164
10,71a4c55b3bfa2549b0e1c73e689a8ca306ed9ee18e93ede1082eebf88c1e8632,0.164
562,6af6bc271202d69e25c3bebe0551117c078e02b48e4105a87a141231bfd7cfd0,0.164
191,fbe2a29c95dccca94df3f54e724db0f330aedc7d48d7df7c47a8219641d8fba8,0.164
824,8dc99e4edb4b968e7381d5d37b8af55c27eec858923817a1556392ce1bf05a2e,0.164
72,2631d7dbb37dbc41846f390bb9429df2ab3894cd67fe0f115c93d871856527c9,0.163
46,c5f72f029ecacf7c3f138f9fe3dbc900d39bbb538c5692fb8e5b2b26e856acf2,0.163
483,5236a93215671fed89bcda8f40578977685199fd77c6f9fec233b447ceb8d250,0.163
479,5d11d15bfc0d4403c69301f8f5457c96f1b2bccd22b15862a6fb5eec49516432,0.163
90,3bc22585410624543970edbb68aa5b509f8077f112c5517d1395cdd20bac35fb,0.162
112,541237b5ccaccc0aaf37b0acd6c46c31a4031b4bc07f67a4a7ce8ddac7c24e06,0.162
130,5b73a99503cb431a2c1da44a8368fd2a7d079717bc6a3905838dac4a8f4333e2,0.162
211,4cac3cef0a5633747d1172bd2932505f5967391d4090c9d3c641dac6643e51cc,0.162
574,3688a33cbd88b8bcd2bd7a56d35f6690355cdb1e32d0064aa4b0277bb3749d62,0.162
746,2f86d33017506f982cb63b1565b9a5bd6fe02b507dfa927b5f55c1374db9c0ba,0.161
817,2c944d7834f77ae94eb9850fb5ec1b66913a04d55645ceb560a1dc7fa78d19f9,0.161
611,a4433b5224f75df11daed7de50c43b5734463d697c5b822619fa9063d49f9ea6,0.161
237,04ffec4604c87e07e0b3fd673ce5f60bb6d820e0e8c7c7f646bbb25fe19dc913,0.16
607,1b3a2f6e2dd2e824296f8658ef91478f0343dc0db36f559fd1f0c55ffef3e5e2,0.16
702,221076f77ab1afc659b5d85a3b309cbc8afe554205dd19c3ca7c34531f30152e,0.16
872,88e6ca21f74e62321d2352f51075cdce1e1108b1ca7f83a841f73e2ac67a1a50,0.16
95,b6d82dbabc23d0b59b53bed3871bcdecbfd06942bef14783bb9d9ce73c6f2e6d,0.16
765,4250d6b7f77ef6fb3937f556cfeaa3de751470a8b0e3f27bb132ad5783a4ce96,0.16
859,fb30d14ef603492862c4a79d45fa76854f48beae77e7c8350be754a25d484b55,0.16
217,1760b0a53949cce6cdfa0b8eb9b7924fcd2305ebf8c94dc8ae514dd2b55e481c,0.16
761,9a46225573787d8d61a6f238e8b00274321a2bcd5ab53ca5acc3fecfc7f086ac,0.159
353,001f6dfaefdbbe31deedb00996c8a87dd90342690611d6a0be7fbb19e4b5326c,0.159
207,d315e2e44cbea114a514a2cc977894879669f1340f0a5246e1936865d1acd2ff,0.159
850,564abd56d9463691fbf1084a0587074d7d8b82f3b12a24160c0436532efd2515,0.159
485,70d5e5e33582c76b1c06f5dfd0c375834617d06ad0d80401c945dde89e72d084,0.158
425,69f9388ecee2c0b470fa23a3a91cea59a4d89f1d2045121d338ba167eeaeec93,0.158
864,c37958aabe99271f6b40d4bf6f53cdfb6cb777f3168c887fcdfed1f429cd94cc,0.158
791,d085eb4092e171f97e987343bb7cf7bf41daed2220dc740358ff3ef2783a4c12,0.158
262,93b6c7b92651007bbdfd455f006ac8a42de9960e61d6ba8005a3fe253581128d,0.157
517,5ffe848f76a1c84ffe742bed7dc569e8f244bc8540e0a803f3708a6c9443e52b,0.157
722,ae533b516609a39f5ee6127cfb518ed626441b85bdcdfa19da330c8cd97b7ada,0.156
838,aca9bd30a5df89efcbf3c8e4c36c0eb11e901656fc204fc94aa5ff64fea092e8,0.156
342,41ca817f81518838403881ab582473a627405ae755a7261c635d07becdabe000,0.156
148,7d7b7f1a10a4a13abcf84fc563f0702c87a6605bca7ae4a64e13b9c0825e5f6c,0.155
460,99ed324b24db095c2aee41382d6954ac973735883343dbba70556ceba57d91d1,0.155
847,91d7920756938689fa71f6c709be53c4bdf8bb9e3bf04fbd0fb424910f6b5a36,0.155
828,bc89aeb8ec758d77ae5b153b8fdbce7217a7d34ce7c7856d95de00560245b047,0.155
298,ae9b585cce5c12d83b86df9d4ab3caef3726cb105185ca484bdbd34e580a6b9d,0.154
280,8ecbdec73b7b8c4d89eb8e9eb7caf21d16851294d4daca94302234a13504b45e,0.154
289,859e7f450f64b9208e1e44cbd3316ef2295e86a28596c7492f2804aa32b618af,0.154
698,552ecf15f84785db10a72738cf985aced24cb7c3c02f05ba17b311a75fbb378f,0.154
782,843596e8419cff757089b2603ce58944d25c3d443b550db4954885fb81c08a61,0.153
310,ae9e06e8e92c23a907da8e18d43d506a5cb7379a7ee796fe90cf9ae508b4b370,0.153
234,ff17b37b2f0ec21a5679628adfd39622051b990e22c43b5cdee9d8be2c55aef8,0.153
399,e352e1117871aef7ba8c88ed5dddc588717a9efba2b1949ce1d0d923fa2320e2,0.153
325,66c6396516fc0ada14d78f6493b6fdd4142f90e2d9f55c3cdc16ee7de16a78cb,0.153
576,f43473762565ccc52919bc71fab565290ec0292b6cc29ec64e224b3d3ed3ea94,0.153
840,834b68fe45a813a849ec6f8062d4df8b6939dac045838db20918b4e7f9b50e2b,0.152
812,d62fed1a30012b02509cc4f3193ec847f935107fe333fe89bff08b74f2508e94,0.152
71,ef7142a47512e81d72a41e7e7718ac8c08c610a4fb2f49306ccb5d2cd8c17e01,0.152
176,cf5abf9d1a1b5912e1fe2825f6130fdaa50a313a0d68f3693f675ad1d7e60bfc,0.152
163,fae603210febb526bacd34aba21b416ffdf1dccc5a3c84dda9446636092e037a,0.151
195,8f3439b32c554d5aab1758e6728920894efb0f3c5aff22f12b074d15845314ec,0.151
52,e4ebd7c8f13f2276fd6f1ef2418f5023c4af821b1215b3abc4946b0d6b01e52a,0.151
760,22694eb93e93d9e3c611cfcdfaede0b41f394092bd1c616e3df154335d294702,0.151
218,aaac15bea839bda7cdc8b8d7943fbe23abdecaf42ffedf9fcaee5f87e97fd090,0.151
566,960aa3f5f89f5fe5810de1cbf92ac5c2c9d402a7d42d37b3b4f75be5b40b82b8,0.151
119,ffc00f147dc2c540e5163ebae2e5ecfdf356fc6decbb0f1ce781782e8ead00aa,0.149
513,39f6138ae8681ea00bf343bbd973c170113db4d7f22a88d44caaa433d4f4b993,0.149
618,e1e7e459006da113590a7f7e6831e221a8cde8aa210a7cd60b9306b18efca60a,0.149
203,610d2b83854767b3ecc78d450ef70121becac7cd2f67341e5b4882783bc88ca2,0.149
472,e4e72015a6358adb7e04ff55e25b1d788c053efc72da5f0fd2d830f276de4fbd,0.149
726,b54590470a6ff5fde8b6fd0880d75b4ce8e0e5dd7b936521c3502f7ffa8c10ac,0.148
220,d7735d67cc1036a1ba3c280eaaab4483d2c342b74bba88658b124804becc2a75,0.148
774,8b1ad0ad41a55d356cf2ef7ffe3b7ae4d7949ff2ee4a3d20112e12518dc21bc2,0.148
721,30a0828c9d4a730695d98311a380acf91cbdd314f498ffe4e5897ba8dba65f3d,0.148
503,1cdaafd8717bd9bbfdd2fb3e60229307deac285b77c17d0e7da37c2f60f14395,0.148
703,70897f415c4473d8ca650d0ff4a567c5bb0f7a87df2f320d442628638bfe8a59,0.148
684,61c3c6b259752fcf8059c57ac3f38eab611cec2d1a1b64a08b1c4ecc9d99e74d,0.147
786,43b785b448f23187ab1f7ec31bb768ba8ec7173967d8e3102e5b1b36867d3393,0.147
689,73773341b32011b71ac6a3cfc8f4e8836782c372f42effd0996860029d0830fa,0.147
357,9ea84831b317c71941887ace4d3a1c092d1d590e20c9ca1ee4e5939975d67ef6,0.147
415,a68efab46c7867ecfd79642bd81670ca6cf3f3d9c2bb5b9da957b533b54eda84,0.147
339,30a9521eb087b73e83542c3f30c85cc53e44fb18d60fcf39123f68bd7586d0a0,0.147
75,d470a683d31b9fa3c6ef6ae39c72044613feb9d7612e7c7b1387a792696199b1,0.147
398,a7b7a6350fbc6d3bb4fe8b2a9bc245a47f8e9de0a092714b4c31236b2c39429e,0.147
391,2dae070e07f21cac76b97e3c536eb3054c13617e43ac520c2b8d003ffd91983b,0.147
809,22225afe6bb718a447747d7ae1cd29c8e1e8071f358ac0d3fc554cbbba0a8453,0.146
448,c3e2259f6da3b0640d056327a4e9f5136a76aab3fa02b959602a74c0b38e0cbd,0.146
369,c70d0cb5f05eb6bcdaae1215ef17331026010f8b9f1fa901e19687ce3744cdf8,0.146
144,f3807a2bfcc2518a6b3326fb9381b7ba6c65f008ea792af57ca3fb0a75416522,0.146
732,ed219949f6f7c9529d2b696a13319621c2a0d442fee62165256e3a50bbbf6316,0.146
66,676ff9004ce1d54c74493e3521400cef9c10245aba34477576a1e4bafc31a9af,0.145
396,d859dad169c53ae868b52d1d912c01d594797f53465f66b4d43adde40af1a580,0.145
33,e4fec97ff58e794ece4466230b5cad71486bd1021946fb2617a6605a9c18c8f7,0.145
170,fcdd182abeb106cbe95f65126d90e742644a5051173db2a5cb336b6d3b5e6773,0.145
531,2475fbfb3212ef9857fb9785987939eb351947b4342df027be9050b233195d94,0.145
92,66f097283634301e7ecdd5bd342941b44d40d91a83ba61c7a8ba6bdf60a194ce,0.145
825,4ea9055539ea044c77377e52ad7f59c6b122ad771f326076ded71c8b20c8d2ab,0.145
841,2bc3d41394fb0a989525f620920225d14b02d770fb7292714b09ecadb8206387,0.145
748,615c01f8ad351e9b66b802a69c281eaf25bce3ac7cc677a912af292593cd1244,0.145
260,1c3bbb481d33d11d71a53bb46f4f293f90a91a67f4f39ccb2454b1acf514a173,0.144
667,ad7461c8e6505e2bcdf88bf40a58170bc3586d23219d18d72d8088ca0392f2ce,0.144
447,4402417f9e7e3b8265ebbaee5ec2727587fb266fc183dea1ee207ea44a186662,0.144
608,2d83580f9adc6e144657d234aace1053af167175cb686f4e104ee039d6b79342,0.144
866,4a198769c0a6484dadf0bf8dc2300c1261d1d4a057c20dd3d0fae5f1a432068d,0.144
490,7cbafec6190f0b51527762677a47538619831a4d60bd8d9736f5d6b35fcecfd5,0.144
528,2aa156b4f4d003ade3180c0441378ac8bde39fc59a2bdceda25e3d7042931e97,0.144
653,6fdcea3180267be94e2a8b6f23c7edc26b7b528e9019a7878560fdbcf7bf6e25,0.143
178,ad2d9879a8b2ef5328ec3bc710c95828b4c43fb64ec9ae1fe68f4f1d572861c6,0.143
276,eb0af80eb45bbd64d8959e75f8f21952d618b4f44fc8ec4546a3fe9905859455,0.143
15,d2e5177dfbd1672430c369681f403e22418eebd9b62042c960eb17426b4eb4f7,0.142
606,5b98116ad29f54d3f6260f72752f010ad61b526c1e1222c523eef90e09536b89,0.142
723,b90e0b4351dcf73b0d3f8d8f2fd23fa4628fa397bef6c48f4b219374133f73d5,0.142
2,5b8e57173320b1ae3cb45733782609c27b6ee9e8ef2c463c5e0ff2483f5f775f,0.142
253,0086ad83094c5903c631bb3028c022ec7f15391f7bbb7ba2d5036588db7547a1,0.141
47,fe595499889f866ed9380cbe338ad3362c9bc20618f4356579cd48c5b2b83e37,0.141
742,8114293effb7a4adad332079711c52fee2492a00216aec473d9e33156ad09136,0.141
374,df19206a2139372e62c1f43bef47168d76e511d99a3ffc1f88839566b109d058,0.141
133,694225b2e4d36734474c4b0ea6ca5b5280fb2099ead5335e54fb5ce7b8c4f8c0,0.14
306,361faf9c53dd536b5a9176114b01719600154a692bb70559c4825dca685f231f,0.14
205,df3531fe80680a3730d7582bcabe4b7e0ddcaf67839c833c937bfbffd305f36c,0.14
125,101de017ce12cc038bf822475e6cc4015e05ee311d316a8bfe02df0dc76b09af,0.14
808,203162db70c6495a52bace4cf94c2312d0a57f47d072058768ec0f6c8e206e80,0.14
534,1251dc53e3b77b0cc105c6535a04685d4e8cbef63923bdff0242f0bd9cc51501,0.139
471,41ac568aa0f9b2816a51a43a2d8c2a78c2a3d4b275ac021bb498b50a4d9303ec,0.139
232,6a386fbcbe2eab59853dac55fbd3466e1bcb13e413dfa2ecb1c1941d593900c4,0.139
593,ead062ad1c6b7b90e618325c4869f5786f7fa09dcf5ca1369de0974530c550d9,0.139
174,e50581982b6695e6121a27aa0e2aef4a548e900b45da57e2d36a01ae49230512,0.139
389,beb95c49d48adcbe05eaea6ccb43becf38ec0ca826e5fa013b55a616f93afd7f,0.139
87,1ae2d4357eafe99970a3883f0b2a672567f86e73a5b9278e081976cc8e72eac4,0.139
777,af73d80793d8a2fdc6cf0f9d05cdf6801a56cb1f0de230b0b9ec3ceb8054f82d,0.138
355,1600f25d5b7b38e902a1d6b50c0f7e338fb5dd45dad0dc6d5eba1bb1a7dd3b9b,0.138
731,2672bcf3b89e9cda686180435beb9518edc8d70d94e5d563d9a455e745bccf51,0.137
127,97ebe3da3897738d4d0d0d52951464c328ee830a4801b2be7365bb453e495654,0.137
429,d884cfba9994e34f579a89059020c5473dbdcae296828e490b48af0194a07ea2,0.136
114,5dc97cd7d44221a81f42bbd2fddec395eb8ef30b440a93d00f1cc40ae3e53e43,0.136
293,6b056753f7cc26feff9354d3f72c56b7fb03d4acb20b449e3479afce16811e46,0.136
709,d6112da12e5f55534b4aa2bbf0e05325c27cdc01bd48f0e1f1e16e844eb0d37b,0.136
376,d12e82a24671d16fd75bf9627e7e047f41e2a1f9a4de2faecddf4d7c1e381eb7,0.136
600,fd01927d84236c83053bf89f7a230062368c1276f45cccb0eef671a1e5e3d541,0.135
807,15428870c1a61ebbf4533128d6a79c4d6755194070efc3bc1a5dc556af70909c,0.135
690,5715416cddff24320f77766aa94f1f3dfe153a5f8d4e7440c9c320f4d0fa7f34,0.135
336,9f591400dfbb6d557c32f9e67ddd029d5c456f6fc0ebe167cd980d9b6b6db081,0.135
268,84f0086257ddfa01a56e621017bd02142eaa4392d71144f1a5f3f39681580e9f,0.134
804,dddf297fd6dcfcfc7327a5f15301607c2a995a7084e2054b0c46322fc141f793,0.134
455,9c6bba8353587a3af24d5733d71016a6b6c412ca26f98d6c18d01fc4ab4bea7f,0.134
843,cc687858a1fa67d4a43beccf3cc0b30f1519108d9df30d25a295b96d7ebd1815,0.133
16,5de08033561948a226f8ba8f8668a4ff4123be8ea7114dce5d7c0d74f61837bf,0.133
784,738a585319f32774fdfda8df4c716d09ea227a7bba5b98bd344297844f5d55a0,0.133
589,0dca7ba8bfa6d090a8913d108f50ec9a2a1a70bbb2cabc326e469237ae014c26,0.133
837,07669a5d0d17c0d82d5b9ede546019dd809c22886a46b762c44b61bf2211c12c,0.132
834,9843edef6085be4f45254b54a1b26f31f43ba0a39fe440bee98ccbea490efbfd,0.132
747,a92bacc43c17fde5410f4f99144b24e34804416d49f600feb8e6d5803c1dd334,0.132
441,d11bde4a877f5aa45fd0a299b946c33f6b83d50174c8052a5cb932d714fdd1be,0.131
590,402e2d5811d651afc5ba8427f9455d5d1449941be18801d27fea849c7f2a0753,0.131
656,3a710e8c7c1e5081b9e3da6ac1dc779c692d94aa94eb24b14d8183fe53385991,0.131
255,f647b2ec1e4d58120c2dd01adda9f6176c1ef35bd57b60decad22a38e9d74d38,0.13
670,8248b7ea1f514a334a9a04872947f6d7ddd53360b0aadd065948d4f40f809c98,0.13
570,1a53617113d4c80a2240b0639b6d8cb3f400c1a4809f1f6b07c5356632df27c7,0.13
440,dee5319f8d485c74baed497c83013616e19f210a8a4f29958f47a0c62983f2c1,0.129
478,f1e66123881ef82effde0a130d50f64f6bc0ca9e5e3287baf35ca291e1a463c5,0.128
427,361948409806354145d5b307391af6d595a7b6560afa70db555d87dbc6fb4954,0.128
73,e4271353579f30d870f6d74b4df5a1bea39ab648c29f2b0ed087bfe746b043e7,0.128
94,037596716a58e6998bff6f5c213e54c015a82faa1c959bb1a120b39d3bf72dbb,0.128
624,70f5bd78df544a353145a1bf8445abe15e9844e4ac0846c8ccc8ed40fd428963,0.127
715,fdd75bebc7989d42d8f2e4441101a4eb289649fda9609d0dbcba3b1df05b8eaf,0.127
64,9c4dd01535d39f7a355bbbc394f3f95154583ae429b97d2e4b246e8ec10a3a58,0.127
836,2f88a5f2fc04a12905c1d5f96f37f4e3b7689092a7d7b3af124790a72f72e85b,0.127
711,f554cd61a23dfc4f1d859c89c042fd97860493fe0a3955d732b6e13667bdbaad,0.127
200,88b2e4a538b537a5fb8b2434dd08c20fb7cdef03b23d3ce55477587529d62b06,0.126
48,7fd2626990d33954dc4e7693a81357fb4ba3fe8bdf26fa76029c6f564cbebc7f,0.126
202,167c5975e7b49bcef89f366795342dae29f8822754132236d13c372b85c049bf,0.126
78,fb44a38453229ab3795e73794c0b7966dc26ea24f94da2b6965d60be61c18340,0.126
506,c74fc57accf1bc8594bee1693d0466c8ddf6e8c9eec63f3d27a9d9841cfbe7b6,0.126
231,25debcf06327195c890cd267f44c3c7a3f51e48589fd5c7196761aa0f55bc578,0.126
572,3824bde04c41d4451dba2076335d68e9826a690002f1a7802cb5c6dd6e1683fe,0.125
152,17aa50466f3d77c2cbc5de912b8801983d71461bc2842ce3acd4ea14eac68fe8,0.125
1,59d43a34290fd77e9b35e6eb5374ca7bd3ef67a2e1c50720faa4478002d00ad1,0.125
395,950adba35c671a1626459a8eec6c412cd498e067d95ebaea9c12e4a35f437553,0.125
386,2bf76a47a9099511e154deb0b7faf46f0d5bb36c52be89f5abb7733683700825,0.124
105,400c8b68e5b46abf86adcd6a23c2950c674029156b875c94c02c86b2e6296999,0.124
486,77cd4a73f758133f819888f5f39d2634e25e6fcfa4325c92b9c4ff8681e64c28,0.123
806,9b638729df988f13b5dba7186bdba9a737a66e8a4b263392b3f88f3435605f8a,0.123
526,60c4184ab8923dd92266a054a6d09dd37b2a91678a8fd5b3667f42a9202215c1,0.123
377,0761c39caa607f12e69da9424f465d41df726032a57ddfaa93fa67b0289356b8,0.123
823,da68e880cf080815c1ebca8601f558b33b6222b77df5733a0551345c76894daa,0.123
818,db62091770fd0b8443c6ed4bcf72cf30af8742a37d9dc3194bf368e8eadc6220,0.122
164,9b510fdf7db615471583401fda615c5254454d78ca9dfcc0d5fd15bd123ecf1f,0.121
450,0d853df79b6423a32eed64b2478377b3175276ef71f5c6fd6fd7d9d107a41ee5,0.121
318,3827f3719e676524cba28f9de5a4b5012751ee5facd130968a3119cb8070eb29,0.121
776,a3c3b66c9b471849e2c02577ea3a6228cbf9478cf2bdca85b2cdc2a86f4e0ff0,0.121
851,af1406a8b1d7f87d9be7c9d09a222f78bfa2797a49b70e825e0ad8ff1b8066fb,0.12
233,645790740be91219edd0d2f6963dabbc4e267b87fa1de5a13662fbc350f5af91,0.12
245,dae864d021f0e22c4ccbd0a13ff0466260ea0dff97ebf57228f5e1831728516b,0.12
403,0692c889cd4b19f9ef2b9642e8f6d06f5b7a3d01fb78e5a21196edb39df4323e,0.119
187,ff487cc9ff248e8c4a4e4c2768aad7aa6dab3307973eefc1a762c440ee0cd2da,0.119
270,5bbd111a47c23886457081e71d389734c9b4b1d3c771d3849725bdb26c10e845,0.119
736,008be7391e610612217e0769d225d84c81dac0ad461dc61f182c26d173689a4c,0.118
161,b54fb92427145422d1ea0a2c3894db668425038fcc3a8d192ca86e948e535c00,0.118
844,a51ef51aca5a32cbfd54614ac8bb1ddb0f5af6165e7fcf7e6bb334524788e89c,0.117
632,2c772b289fe508d30f3654df95e1ef6c41472813c76b937e79f5931f52b08652,0.117
582,78230ce5d6f984d4a4735012ec9558001c70bac16eeb43ead213d5d2e1e73449,0.117
171,2e2ca63975badf5bf3cfb538e2dd30fb6750e4a231915e6e9d41f5970159b940,0.116
25,1d9c7c732f1f59a1d2c2a738966853c3447165ef19a085d337078a65043f7f63,0.116
687,55d0ae088c42c484fd703f40cd246a2082a0c04b5172972fe860ad6bc3a34ce7,0.116
383,877003aac8a7a02f0d1741f6ef9512d26761b8bf15778f73dae5fd70cee13392,0.116
831,fe41065a04631a92fa26d15afd3e252850bba021da4255e22fbd3ff814c8b126,0.116
756,f76b587ff397fd6eb29b36e3d1e3b693a5f7f328d7f6a85adf4e18694ac40458,0.116
592,85dd69ac2b886f84bd5c04a571f960a24d1641982ab5dfcbfb83dcf4bedbfd4f,0.116
142,05050413a62aaf664ddfeb4c817cb213016a07a219278cac9afcea8423c5b538,0.114
770,21bff6cbde8e0647df144cf88e08cb9b89a7b8346c3b00d86b33a2dc816b43c6,0.114
502,73f52c56d0e15c4bab464cae17981ed62bea2e01d4fbf9ab81a1682c4f3b5200,0.114
278,2981e47e31d9769a8c0070d3640347d60af5556ac07aa1ac21cb6f6f85ff1e5f,0.113
53,b7812b10d3af52dade607e02866f9b24c00dbfb79f26fdba4afcb131df785051,0.113
76,31a9b774217cdb320bc2881c917729bb58ce9722958854e76659ba387c69d61f,0.113
135,2f4bbb35be5c0f1b0174b70c959422fe860cc42eebc23a5f5a271736d651eff6,0.11
737,a290c91e52b3b465eb3077477104483e75adb83c030cb27c1d03c1b841cb574a,0.11
781,0012f06c4ea31b52d25c6d791ec7f6c087bd7c0eb1f338c2400b987ee6e2c22b,0.107
559,874edc3770468e023f58150b7013d43b616653487d5e1fd02a0ddd883a56d735,0.104
870,bd043bf472d231b7a1b38d00d2475a82dbb1c3e6c873b11e5e186adc467a04a3,0.104
613,216c4908394e04edbce8748060c1dd426e4179b504ba6c02c816a0ae2a63e07e,0.103
780,2d7582cbe03c04e55204ea5523757051c51849b7093664b1d65a003bf37d02f6,0.103
630,f1264f2293d072918c46d55ba06dc7ed29136d3148d5cac483ce3baf2650a6fa,0.103
109,f419ea692f28abc925becc083e329b3dee41a9ad6649b1503095973e4247499d,0.102
153,6a42cf3b7f5da6cb35ddace2d9ab08453deead2b7a01188721561e38821f3b2c,0.101
157,508120f0ed720abfd7a60aaba27e4b9043acbb3dbe59078bfd484d5ddfca2b95,0.101
464,50b65197f8a23dae4072ecf71f90b6b0f1cb7d34bf2f2874e910e723dded9afb,0.1
588,7f786c402aa7f94e130459b7f8efd7276f43d8bbee1a0ba670812efbea8421c8,0.1
591,f1aff8cc03bae4f8c51fb36d450ca6102bc9695a72d381e1536a6ce25b2cc216,0.1
826,81bd3aef5871693e52027ed763fda98d09f37ba14d2fcb2925de59f143774a35,0.1
365,74ecbee55ddc17d9e293213e3237c6224f47341fb4772de1284816c9aa586677,0.099
439,816811a747509d79035d9a52f88599c10c40ccaf13d17f6ecdab78269110d6ed,0.099
458,7e94a2bd41506c6d3848426febcf2f17185d14b5a0c48dec69c303058e6f1bfe,0.098
118,981b4607206b77f88138cbb45f8e754679454320cc39de117f5c2664065ce30c,0.098
404,b40a68ca2a2cc6e2ff1cdf90a8ea35ed92e9bcc9cde1f8536c0657af3fa967de,0.097
271,63467f2c39245d467bf6bd68b849b57b8ce5c7846a818d1d4034a4bd81fdc9a9,0.097
633,305a4f4b61da42016a23e219aab20ab7cf701e0efb69bd83dea26a984b664b38,0.097
683,ffc9863d4a34ef0b3a4f6150fd09af1c00077c6454dda5c3213fb53b6dd5d2dc,0.095
8,dbfe82951a3c6a448eb9e99c3d6e049617ba6854c1ad2d47975c6dc01ed4c937,0.094
400,fa942b55d7926d48a3879cc03eeb69fef3848d819c94e48b1787890c3f8af7db,0.093
587,0533bd076d12796b2a5f5fe0d746e4106a0e8a7ab7d83db884073768bea216ed,0.093
686,4feb0af06b2b6e8c55893cd5e4210f1b67a0ba1702e24471abddefe4b9afd986,0.092
678,4b4c14791a5a6add7f150a4aec76e3e57caf043b8122c78c173e8b3d6dbbb7b8,0.088
417,5e2731eef0fb61268c191c26025f644e5760119ded3d6548caa7ef3aa945f022,0.088
700,607d0086dcdcddbc982ef0d4ed5ec00854590a4d25b1eecf6458ea7ae6473c84,0.087
356,1f6f2d355b6c2f923473d5f90a04c35dec12f856033cb0557df3f7bd5da3660c,0.086
140,849ca3683969b58af736206c862098947b6ef41e7e49ff659d53eaf1e6762118,0.085
410,f24bd298b77ed47966e6c75c80f8a695b96f66b49d4e4a73e3c265a6622dc6bd,0.085
156,59379146b791d11f7436c4cc33243f40f6e1c9c27fa0a15af72fabdfc0c6c8cc,0.085
14,04632a7f80b5f3b670aedd856420e59483c9135843fd320f23bd0acc144c2964,0.082
241,7d46a333d37cdbb060c1e241beb5f2ebf9a3d02557cb14118dc1594099b27582,0.081
428,f7a6ed434c33d3676ecfab96105bd5a74a3633001a7790b62cfcf9d9c3abbe85,0.08
852,101f7e0c876149cb3aa0c65b21f29913a62ca8ab1508414b4cdab4b626b51f85,0.08
201,2cac738d47543b3d2016f2bbc0d89cee29583a815ebbcc7da98937630090598b,0.08
151,0d37e8ee3496263bb14464797d2fbab7be6e0e41798d028643b6886c96f1544b,0.078
304,4e607295a5a728c4bc62e3c4f5058983d32bca88e4a11041e936281cb496b140,0.078
829,71d1aab9be39271b7b3930ec3c0d66a6068297f5ef9be3a73f238b90945de5ca,0.077
21,133dc76755c29616f4c1b5e0ebe6eaa697a1a7dd30fe38c02ae97aeb4996dabd,0.076
185,9b6dfaba6ff26f4dde52e9b3b360e240dd27f6fd90b9bd7a5f35e6ab2276ea44,0.076
82,c20240853c544a29ad7e004f01c0dda300f29b956c5939291ba8451630dd3a72,0.074
790,89980635d2ad4b9b9c2cb426d03cc19385174a79d2e4f5da6c8863ccbbd51c1e,0.074
601,7aace545bd8b0fd9eca688ad5a714e3170d015409624083ee423f1aa1c97aa48,0.073
303,0c2d45bb38414dc8a43116aa476a704f078bbf19f30455da4243afcdd09bef51,0.073
557,d0ee85e5021bf6a740226a552f2d8bae99618ae211191ff64f3ff3f37b4402cb,0.069
816,917717b36ec60b6ccbf061c727a28f380f4118dc613857745305ae9296d5d8a6,0.068
498,450e597dfdc2c61dee83aa23aad6abfd7ed02318965d7e3dce947e14dec1564c,0.06
283,9289dc9222ace6899e3e18ca26e6c554c016338902a2098d7879855797c6761b,0.06
44,760149c2120f7ce105ce5d1b01ce0498cff88987e46e442820329a7640c42144,0.059
177,318c5fd716eb31e048a4eb9cfc0854007a70ea79e0fdedee8990891063a37ed2,0.05
409,80ae5020fe57b4e11632025eebac26e6fde359beaec5d49e17951176b32873c6,0.046
346,2a91e90082351088313e7afe1d64a6a348e4f9c802ccfa747aa08bf73861695a,0.04
287,ea7c369684afe9be9c579c2f064f43d3c32ee6920b283f6fef5d268f60bf2e9d,0.04
354,f494682dc4f58e22882847ab78c28a3aec1e0a3319b3142587c97ef7e8fad502,0.04
752,f8dae3b4b2519e26e68a66dd2e8eedb5c75f25f1572a3cc8a8d533328cb9d163,0.04
45,b0125c676c2ca3a98576d382b59646aae49af565abf76737884f58a6f56c15f3,0.034
712,3f39ba0cd568b1a1bd2aa843ac58bcd54ea2f39ea0589e6293745d8b886f6e90,0.031
733,1a0933aa14387e45e42f98fce16e3a646ec5465f81a9f8ed555764f7d3856c2e,0.029
297,8411677bc3eccb15ec723faafde77614a2b1a7501d633ded750190ed30568908,0.029
755,057e9c299efef7a94f487ab0cf2ccdbc53263822f7d6bd2a6160350885c1848a,0.028
469,1fb5afdf96f6db7525748b00d5c9839e9c7c82d69727d5e599254580c8c06e03,0.025
261,4977e2178fc10cf6b9cc43ce544cf3d9b4587728f12161fea9d0da8a305246c0,0.023
792,446ce0eeed98ff3f31ece25ecb5ce57ad004ca6d3cf7eab7e11225ba2661b013,0.021
175,4b8a5f3dddba317edbd4592406f739db753ffe052f348784f9bac2ebebe63aaf,0.021
204,82a75de53d7d992bf34b59c76d6ff77520bf76aa1f88fba4f91f4c7b3e2578df,0.021
67,118849b1cec5207645efb5d85118f7806236ff44dfb601f5465209bff63d7bd0,0.02
839,a392fcfeee671788f5a8cb347bbbc8bd3bda7962aeb68b477129c82555ba2c6b,0.02
214,7144baa840865adaf4e6155f88247904d5cfee2013f7a806208c0ff72969c91d,0.02
343,25c0b64286f69c2b20011eb80b3f235755ef1f586fb9ad730b9a0cf067dbd57a,0.02
430,ed5b72cfee74ee70b88e03cc939d4abac23fb099c0f8d44284e2425713ea7008,0.02
291,e3994d098985cb87ce1c40835b4f8d8a39a7b3265a5dd7c2d393134b2b175973,0.02
644,a4ecbccb0e29de6de1ecd896ab9df1250e1c60e636508396f0e9f2af6e1419cc,0.02
858,27e889cba6c0960057e75726dc29b63d60f64cf84d63c47a9684ef54238c9fb2,0.02
239,8b0006fe2ad24cbb54e92948848192587974489baff61c3ffe6be3734d44a16e,0.02
334,9b36ac8fc73df32c1047fe1fa41bf5e294c95d6e96d543c603e0e101f15aa4af,0.013
308,939cafd5935957cfd2ed4ff06f6d81e1ef7ccb4cba3b66f8cdc17f6993a86cc4,0.005
480,7237ed31df5c4404145ba622a623a698fc4d396f264258cca2996100db909cbc,0.005
753,ca7b69e550f69382c3fa455c54a08f6ed8f93ed5e7d2e07dc1aede3263640583,0.0
